Surface Area,Pore Volume,Pressure,Temperature,METAL,SMILE_Organic_linker_1,Numéro_atomique,Masse_molaire__g_mol_,Point_de_fusion__°C_,Point_d'ébullition__°C_,Électronegativité__Pauling_,Affinité_électronique__eV_,Densité__g_cm³_,Rayon_atomique__pm_,Conductivité_thermique__W_m·K_,Conductivité_électrique__MS_m_,Potentiel_d'ionisation__eV_,Volume_molaire__cm³_mol_,Calor_spécifique__J_g·K_,Dureté__Mohs_,Résistivité_électrique__µ?·cm_,1s,2s,2p,3s,3p,3d,4s,4p,4d,4f,5s,5p,CO2 Uptake,,
1270.00,0.71,0.15,298.00,Cu,OC(=O)C1=CC(=CC(=C1)C(O)=O)C(O)=O,29.00,63.55,1085.00,2562.00,1.90,1.24,8.92,127.00,398.00,59.60,7.73,7.10,0.39,3.00,1.68,2.00,2.00,6.00,2.00,6.00,10.00,1.00,0.00,0.00,0.00,0.00,0.00,0.86,,
1270.00,0.71,1.00,298.00,Cu,OC(=O)C1=CC(=CC(=C1)C(O)=O)C(O)=O,29.00,63.55,1085.00,2562.00,1.90,1.24,8.92,127.00,398.00,59.60,7.73,7.10,0.39,3.00,1.68,2.00,2.00,6.00,2.00,6.00,10.00,1.00,0.00,0.00,0.00,0.00,0.00,5.27,,
1270.00,0.71,1.00,313.00,Cu,OC(=O)C1=CC(=CC(=C1)C(O)=O)C(O)=O,29.00,63.55,1085.00,2562.00,1.90,1.24,8.92,127.00,398.00,59.60,7.73,7.10,0.39,3.00,1.68,2.00,2.00,6.00,2.00,6.00,10.00,1.00,0.00,0.00,0.00,0.00,0.00,2.91,,
2833.00,1.04,35.00,298.00,Zn,C(=O)(C1=CC=C(C=C1)C(=O)O),30.00,65.38,419.50,907.00,1.65,0.00,7.14,134.00,116.00,16.90,9.39,9.20,0.39,2.50,5.90,2.00,2.00,6.00,2.00,6.00,10.00,2.00,0.00,0.00,0.00,0.00,0.00,21.70,,
1568.00,1.07,35.00,298.00,Zn,C(=O)(C1=CC(=CC=C1C(=O)O)N)O,30.00,65.38,419.50,907.00,1.65,0.00,7.14,134.00,116.00,16.90,9.39,9.20,0.39,2.50,5.90,2.00,2.00,6.00,2.00,6.00,10.00,2.00,0.00,0.00,0.00,0.00,0.00,18.70,,
1568.00,1.07,1.00,298.00,Zn,C(=O)(C1=CC(=CC=C1C(=O)O)N)O,30.00,65.38,419.50,907.00,1.65,0.00,7.14,134.00,116.00,16.90,9.39,9.20,0.39,2.50,5.90,2.00,2.00,6.00,2.00,6.00,10.00,2.00,0.00,0.00,0.00,0.00,0.00,1.11,,
1049.00,0.36,20.00,304.00,V,C(=O)(C1=CC=C(C=C1)C(=O)O)C2=CC=CC=C2,23.00,50.94,1910.00,3407.00,1.63,0.53,6.11,134.00,31.00,5.00,6.75,8.30,0.49,6.70,197.00,2.00,2.00,6.00,2.00,6.00,3.00,2.00,0.00,0.00,0.00,0.00,0.00,11.50,,
1419.00,0.50,25.00,304.00,Cr,C(=O)(C1=CC=C(C=C1)C(=O)O)C2=CC=CC=C2,24.00,52.00,1907.00,2671.00,1.66,0.67,7.19,128.00,93.90,7.90,6.77,7.20,0.45,8.50,12.90,2.00,2.00,6.00,2.00,6.00,5.00,1.00,0.00,0.00,0.00,0.00,0.00,10.00,,
1900.00,1.10,50.00,304.00,Cr,C(=O)(C1=CC=C(C=C1)C(=O)O)C2=CC=C(C=C2)C(=O)O,24.00,52.00,1907.00,2671.00,1.66,0.67,7.19,128.00,93.90,7.90,6.77,7.20,0.45,8.50,12.90,2.00,2.00,6.00,2.00,6.00,5.00,1.00,0.00,0.00,0.00,0.00,0.00,18.00,,
1900.00,1.10,1.00,313.00,Fe,C(=O)(C1=CC=C(C=C1)C(=O)O)C2=CC=C(C=C2)C(=O)O,26.00,55.85,1538.00,2862.00,1.83,0.15,7.87,126.00,80.40,10.10,7.90,7.10,0.45,4.00,10.00,2.00,2.00,6.00,2.00,6.00,6.00,2.00,0.00,0.00,0.00,0.00,0.00,1.50,,
2988.00,1.85,50.00,304.00,Cr,C(=O)(C1=CC=C(C=C1)C(=O)O)C2=CC=CC=C2,24.00,52.00,1907.00,2671.00,1.66,0.67,7.19,128.00,93.90,7.90,6.77,7.20,0.45,8.50,12.90,2.00,2.00,6.00,2.00,6.00,5.00,1.00,0.00,0.00,0.00,0.00,0.00,40.00,,
2988.00,1.85,1.00,298.00,Cr,C(=O)(C1=CC=C(C=C1)C(=O)O)C2=CC=CC=C2,24.00,52.00,1907.00,2671.00,1.66,0.67,7.19,128.00,93.90,7.90,6.77,7.20,0.45,8.50,12.90,2.00,2.00,6.00,2.00,6.00,5.00,1.00,0.00,0.00,0.00,0.00,0.00,2.16,,
1495.00,0.61,1.00,298.00,Mg,C(=O)(C1=CC(=CC=C1O)O)C2=CC=C(C=C2)C(=O)O,12.00,24.31,650.00,1091.00,1.31,0.00,1.74,150.00,156.00,22.90,7.65,13.97,1.02,2.50,43.90,2.00,2.00,6.00,2.00,0.00,0.00,0.00,0.00,0.00,0.00,0.00,0.00,6.20,,
1174.00,0.65,35.00,298.00,Mg,C(=O)(C1=CC(=CC=C1O)O)C2=CC=C(C=C2)C(=O)O,12.00,24.31,650.00,1091.00,1.31,0.00,1.74,150.00,156.00,22.90,7.65,13.97,1.02,2.50,43.90,2.00,2.00,6.00,2.00,0.00,0.00,0.00,0.00,0.00,0.00,0.00,0.00,10.40,,
1174.00,0.65,1.00,298.00,Mg,C(=O)(C1=CC(=CC=C1O)O)C2=CC=C(C=C2)C(=O)O,12.00,24.31,650.00,1091.00,1.31,0.00,1.74,150.00,156.00,22.90,7.65,13.97,1.02,2.50,43.90,2.00,2.00,6.00,2.00,0.00,0.00,0.00,0.00,0.00,0.00,0.00,0.00,8.60,,
1174.00,0.65,0.15,298.00,"Mg
",C(=O)(C1=CC(=CC=C1O)O)C2=CC=C(C=C2)C(=O)O,12.00,24.31,650.00,1091.00,1.31,0.00,1.74,150.00,156.00,22.90,7.65,13.97,1.02,2.50,43.90,2.00,2.00,6.00,2.00,0.00,0.00,0.00,0.00,0.00,0.00,0.00,0.00,6.14,,
4750.00,1.89,20.00,298.00,"Zn
",C(=O)(C1=CC=C(C=C1)C2=CC(=CC(=C2)C(=O)O)C3=CC=C(C=C3)C(=O)O)O,30.00,65.38,419.50,907.00,1.65,0.00,7.14,134.00,116.00,16.90,9.39,9.20,0.39,2.50,5.90,2.00,2.00,6.00,2.00,6.00,10.00,2.00,0.00,0.00,0.00,0.00,0.00,28.00,,
4750.00,1.89,20.00,273.00,Zn,C(=O)(C1=CC=C(C=C1)C2=CC(=CC(=C2)C(=O)O)C3=CC=C(C=C3)C(=O)O)O,30.00,65.38,419.50,907.00,1.65,0.00,7.14,134.00,116.00,16.90,9.39,9.20,0.39,2.50,5.90,2.00,2.00,6.00,2.00,6.00,10.00,2.00,0.00,0.00,0.00,0.00,0.00,33.50,,
4530.00,3.59,50.00,298.00,Zn,C(=O)(C1=CC=C(C=C1)C2=CC(=CC(=C2)C3=CC=CC=C3)C(=O)O)OC(=O)C4=CC=C(C=C4)C5=CC=CC=C5C(=O)O,30.00,65.38,419.50,907.00,1.65,0.00,7.14,134.00,116.00,16.90,9.39,9.20,0.39,2.50,5.90,2.00,2.00,6.00,2.00,6.00,10.00,2.00,0.00,0.00,0.00,0.00,0.00,54.50,,
4530.00,3.59,20.00,273.00,Zn,C(=O)(C1=CC=C(C=C1)C2=CC(=CC(=C2)C3=CC=CC=C3)C(=O)O)OC(=O)C4=CC=C(C=C4)C5=CC=CC=C5C(=O)O,30.00,65.38,419.50,907.00,1.65,0.00,7.14,134.00,116.00,16.90,9.39,9.20,0.39,2.50,5.90,2.00,2.00,6.00,2.00,6.00,10.00,2.00,0.00,0.00,0.00,0.00,0.00,54.40,,
4530.00,3.59,20.00,298.00,Zn,C(=O)(C1=CC=C(C=C1)C2=CC(=CC(=C2)C3=CC=CC=C3)C(=O)O)OC(=O)C4=CC=C(C=C4)C5=CC=CC=C5C(=O)O,30.00,65.38,419.50,907.00,1.65,0.00,7.14,134.00,116.00,16.90,9.39,9.20,0.39,2.50,5.90,2.00,2.00,6.00,2.00,6.00,10.00,2.00,0.00,0.00,0.00,0.00,0.00,14.80,,
6240.00,3.60,50.00,298.00,Cu,C(=O)(C1=CC=C(C=C1)C2=CC(=CC=C2)C(=O)O)OC(=O)C3=CC=CC=C3,29.00,63.55,1085.00,2562.00,1.90,1.24,8.92,127.00,398.00,59.60,7.73,7.10,0.39,3.00,1.68,2.00,2.00,6.00,2.00,6.00,10.00,1.00,0.00,0.00,0.00,0.00,0.00,54.50,,
1547.00,0.63,35.00,298.00,Cu,C(=O)(C1=CC=C(C=C1)C2=CC(=C(C(=C2)C(=O)O)O)C(=O)O)O,29.00,63.55,1085.00,2562.00,1.90,1.24,8.92,127.00,398.00,59.60,7.73,7.10,0.39,3.00,1.68,2.00,2.00,6.00,2.00,6.00,10.00,1.00,0.00,0.00,0.00,0.00,0.00,10.20,,
6143.00,2.82,40.00,298.00,Zn,C(=O)(C1=CC=C(C=C1)C2=CC(=C(C(=C2)C#CC3=CC=CC=C3C#CC4=CC=CC=C4C(=O)O)C#CC5=CC=CC=C5C#CC6=CC=CC=C6C(=O)O)C#CC7=CC=CC=C7C#CC8=CC=CC=C8C(=O)O)O,30.00,65.38,419.50,907.00,1.65,0.00,7.14,134.00,116.00,16.90,9.39,9.20,0.39,2.50,5.90,2.00,2.00,6.00,2.00,6.00,10.00,2.00,0.00,0.00,0.00,0.00,0.00,46.40,,
4100.00,2.14,24.00,298.00,Ni,C(=O)(C1=CC=C(C=C1)C2=CC(=CC=C2)C(=O)O)C3=CC(=CC=C3)C(=O)O,28.00,58.69,1455.00,2913.00,1.91,1.16,8.91,124.00,90.90,14.30,7.64,6.60,0.44,4.00,6.84,2.00,2.00,6.00,2.00,6.00,8.00,2.00,0.00,0.00,0.00,0.00,0.00,23.50,,
1925.00,0.74,25.00,298.00,Ni,C(=O)(C1=CC=C(C=C1)C(=O)O)C2=CC=C(C=C2)N,28.00,58.69,1455.00,2913.00,1.91,1.16,8.91,124.00,90.90,14.30,7.64,6.60,0.44,4.00,6.84,2.00,2.00,6.00,2.00,6.00,8.00,2.00,0.00,0.00,0.00,0.00,0.00,13.60,,
1120.00,0.59,28.00,300.00,Zn,C(=O)OC=CC(=O)O,30.00,65.38,419.50,907.00,1.65,0.00,7.14,134.00,116.00,16.90,9.39,9.20,0.39,2.50,5.90,2.00,2.00,6.00,2.00,6.00,10.00,2.00,0.00,0.00,0.00,0.00,0.00,15.70,,
1120.00,0.59,1.00,298.00,Zn,C(=O)OC=CC(=O)O,30.00,65.38,419.50,907.00,1.65,0.00,7.14,134.00,116.00,16.90,9.39,9.20,0.39,2.50,5.90,2.00,2.00,6.00,2.00,6.00,10.00,2.00,0.00,0.00,0.00,0.00,0.00,0.89,,
834.00,0.41,40.00,298.00,Zn,C(=O)(C1=CC2=C(C=C1)C=CC=C2C(=O)O)C3=CC=CC=C3C(=O)O,30.00,65.38,419.50,907.00,1.65,0.00,7.14,134.00,116.00,16.90,9.39,9.20,0.39,2.50,5.90,2.00,2.00,6.00,2.00,6.00,10.00,2.00,0.00,0.00,0.00,0.00,0.00,7.10,,
182.90,0.10,0.15,298.00,Cr,C(=O)(C1=CC=C2C=C(C=CC2=C1)C(=O)O)C(=O)O,24.00,52.00,1907.00,2671.00,1.66,0.67,7.19,128.00,93.90,7.90,6.77,7.20,0.45,8.50,12.90,2.00,2.00,6.00,2.00,6.00,5.00,1.00,0.00,0.00,0.00,0.00,0.00,3.85,,
182.90,0.10,1.00,298.00,Cr,C(=O)(C1=CC=C2C=C(C=CC2=C1)C(=O)O)C(=O)O,24.00,52.00,1907.00,2671.00,1.66,0.67,7.19,128.00,93.90,7.90,6.77,7.20,0.45,8.50,12.90,2.00,2.00,6.00,2.00,6.00,5.00,1.00,0.00,0.00,0.00,0.00,0.00,4.38,,
271.80,0.13,1.00,273.00,Mg,C1C(C(C(C(C1C(=O)O)C(=O)O)C(=O)O)C(=O)O)C(=O)O,12.00,24.31,650.00,1091.00,1.31,0.00,1.74,150.00,156.00,22.90,7.65,13.97,1.02,2.50,43.90,2.00,2.00,6.00,2.00,0.00,0.00,0.00,0.00,0.00,0.00,0.00,0.00,1.50,,
387.00,0.27,1.00,298.00,Zn,C1=CC(=CC=C1C2=CC=C(C=C2)C(=O)O)N=N[N-]C=[N+]=[N-],30.00,65.38,419.50,907.00,1.65,0.00,7.14,134.00,116.00,16.90,9.39,9.20,0.39,2.50,5.90,2.00,2.00,6.00,2.00,6.00,10.00,2.00,0.00,0.00,0.00,0.00,0.00,2.71,,
153.70,0.10,1.00,196.00,Cu,C1=CC=C2C=C(C=CC2=C1)C(=O)C3=CC=CC=C3C(=O)O,29.00,63.55,1085.00,2562.00,1.90,1.24,8.92,127.00,398.00,59.60,7.73,7.10,0.39,3.00,1.68,2.00,2.00,6.00,2.00,6.00,10.00,1.00,0.00,0.00,0.00,0.00,0.00,2.32,,
153.70,0.10,1.00,273.00,Cu,C1=CC=C2C=C(C=CC2=C1)C(=O)C3=CC=CC=C3C(=O)O,29.00,63.55,1085.00,2562.00,1.90,1.24,8.92,127.00,398.00,59.60,7.73,7.10,0.39,3.00,1.68,2.00,2.00,6.00,2.00,6.00,10.00,1.00,0.00,0.00,0.00,0.00,0.00,0.85,,
153.70,0.10,1.00,296.00,Cu,C1=CC=C2C=C(C=CC2=C1)C(=O)C3=CC=CC=C3C(=O)O,29.00,63.55,1085.00,2562.00,1.90,1.24,8.92,127.00,398.00,59.60,7.73,7.10,0.39,3.00,1.68,2.00,2.00,6.00,2.00,6.00,10.00,1.00,0.00,0.00,0.00,0.00,0.00,0.63,,
308.00,0.11,1.00,303.00,Al,C1=CC(=C(C(=C1)C(=O)O)C(=O)O)C(=O)O,13.00,26.98,660.30,2519.00,1.61,0.43,2.70,143.00,237.00,37.80,5.99,10.00,0.90,2.50,2.82,2.00,2.00,6.00,2.00,1.00,0.00,0.00,0.00,0.00,0.00,0.00,0.00,3.15,,
408.00,0.21,1.00,295.00,Zn,C1=CC(=C(C=C1C(=O)O)C(=O)O)C(=O)O,30.00,65.38,419.50,907.00,1.65,0.00,7.14,134.00,116.00,16.90,9.39,9.20,0.39,2.50,5.90,2.00,2.00,6.00,2.00,6.00,10.00,2.00,0.00,0.00,0.00,0.00,0.00,1.88,,
3850.00,1.47,1.00,296.00,Cu,C1=CC=C(C=C1)C2=CC=C(C=C2)C(=O)C3=CC=C(C=C3)C(=O)C4=CC=C(C=C4)C(=O)O,29.00,63.55,1085.00,2562.00,1.90,1.24,8.92,127.00,398.00,59.60,7.73,7.10,0.39,3.00,1.68,2.00,2.00,6.00,2.00,6.00,10.00,1.00,0.00,0.00,0.00,0.00,0.00,3.04,,
1167.00,0.56,1.00,298.00,Co,"C1=CC=C(C=C1)C2=NC3=NC=C(N3C4=NC=C(C=C4)C5=C(C=CC(=C5)Cl)O)C=C2,Cl,Cl",27.00,58.93,1495.00,2927.00,1.88,0.66,8.86,125.00,100.00,17.20,7.88,6.70,0.42,5.00,6.24,2.00,2.00,6.00,2.00,6.00,7.00,2.00,0.00,0.00,0.00,0.00,0.00,6.70,,
1286.00,0.46,1.00,298.00,Mn,"C1=CC=C(C=C1)C2=NC3=NC=C(N3C4=NC=C(C=C4)C5=C(C=CC(=C5)Cl)O)C=C2,Cl,Cl",25.00,54.94,1246.00,2061.00,1.55,0.00,7.21,127.00,7.81,0.96,7.43,7.40,0.48,6.00,47.00,2.00,2.00,6.00,2.00,6.00,5.00,2.00,0.00,0.00,0.00,0.00,0.00,7.10,,
1014.00,0.43,1.00,298.00,Zn,C1=NC(=NN1)N,30.00,65.38,419.50,907.00,1.65,0.00,7.14,134.00,116.00,16.90,9.39,9.20,0.39,2.50,5.90,2.00,2.00,6.00,2.00,6.00,10.00,2.00,0.00,0.00,0.00,0.00,0.00,4.41,,
2530.00,1.00,1.00,298.00,Cu,C1=CC=C(C=C1)C2=C3C(=C(C=C2)C(=O)O)N=N3,29.00,63.55,1085.00,2562.00,1.90,1.24,8.92,127.00,398.00,59.60,7.73,7.10,0.39,3.00,1.68,2.00,2.00,6.00,2.00,6.00,10.00,1.00,0.00,0.00,0.00,0.00,0.00,4.35,,
2530.00,1.00,1.00,288.00,Cu,C1=CC=C(C=C1)C2=C3C(=C(C=C2)C(=O)O)N=N4,29.00,63.55,1085.00,2562.00,1.90,1.24,8.92,127.00,398.00,59.60,7.73,7.10,0.39,3.00,1.68,2.00,2.00,6.00,2.00,6.00,10.00,1.00,0.00,0.00,0.00,0.00,0.00,5.54,,
2072.00,0.84,1.00,298.00,Cu,"C1=CC(=CC=C1C2=NC3=CC=CC=C3S2)C(=O)O,C1=CC(=CC=C1C2=NC3=CC=CC=C3S2)C(=O)O",29.00,63.55,1085.00,2562.00,1.90,1.24,8.92,127.00,398.00,59.60,7.73,7.10,0.39,3.00,1.68,2.00,2.00,6.00,2.00,6.00,10.00,1.00,0.00,0.00,0.00,0.00,0.00,3.83,,
2072.00,0.84,1.00,288.00,Cu,"C1=CC(=CC=C1C2=NC3=CC=CC=C3S2)C(=O)O,C1=CC(=CC=C1C2=NC3=CC=CC=C3S2)C(=O)O",29.00,63.55,1085.00,2562.00,1.90,1.24,8.92,127.00,398.00,59.60,7.73,7.10,0.39,3.00,1.68,2.00,2.00,6.00,2.00,6.00,10.00,1.00,0.00,0.00,0.00,0.00,0.00,4.87,,
2072.00,0.84,1.00,296.00,Cu,"C1=CC(=CC=C1C2=NC3=CC=CC=C3S2)C(=O)O,C1=CC(=CC=C1C2=NC3=CC=CC=C3S2)C(=O)O",29.00,63.55,1085.00,2562.00,1.90,1.24,8.92,127.00,398.00,59.60,7.73,7.10,0.39,3.00,1.68,2.00,2.00,6.00,2.00,6.00,10.00,1.00,0.00,0.00,0.00,0.00,0.00,3.93,,
572.00,0.23,1.00,298.00,Cu,"C1=CC(=CC=C1C2=NNC3=CC=CC=C3Se2)C(=O)O,C1=CC(=CC=C1C2=NNC3=CC=CC=C3Se2)C(=O)O",29.00,63.55,1085.00,2562.00,1.90,1.24,8.92,127.00,398.00,59.60,7.73,7.10,0.39,3.00,1.68,2.00,2.00,6.00,2.00,6.00,10.00,1.00,0.00,0.00,0.00,0.00,0.00,1.68,,
572.00,0.23,1.00,288.00,Cu,"C1=CC(=CC=C1C2=NNC3=CC=CC=C3Se2)C(=O)O,C1=CC(=CC=C1C2=NNC3=CC=CC=C3Se2)C(=O)O",29.00,63.55,1085.00,2562.00,1.90,1.24,8.92,127.00,398.00,59.60,7.73,7.10,0.39,3.00,1.68,2.00,2.00,6.00,2.00,6.00,10.00,1.00,0.00,0.00,0.00,0.00,0.00,2.00,,
1631.00,0.66,1.00,293.00,Cu,CC(C)(C(=O)O)C1=CC=C(C=C1)C(=O)O,29.00,63.55,1085.00,2562.00,1.90,1.24,8.92,127.00,398.00,59.60,7.73,7.10,0.39,3.00,1.68,2.00,2.00,6.00,2.00,6.00,10.00,1.00,0.00,0.00,0.00,0.00,0.00,4.56,,
2522.00,1.01,1.00,293.00,Cu,C1=CC(=CC=C1C2=CC(=C(C=C2)C(=O)O)C(=O)O)C(=O)O,29.00,63.55,1085.00,2562.00,1.90,1.24,8.92,127.00,398.00,59.60,7.73,7.10,0.39,3.00,1.68,2.00,2.00,6.00,2.00,6.00,10.00,1.00,0.00,0.00,0.00,0.00,0.00,3.93,,
2384.00,0.92,1.00,298.00,Cu,CC1=CC(=CC=C1C2=CC(=C(C=C2)C(=O)O)C(=O)O)N+[O-],29.00,63.55,1085.00,2562.00,1.90,1.24,8.92,127.00,398.00,59.60,7.73,7.10,0.39,3.00,1.68,2.00,2.00,6.00,2.00,6.00,10.00,1.00,0.00,0.00,0.00,0.00,0.00,4.46,,
2384.00,0.92,1.00,273.00,Cu,CC1=CC(=CC=C1C2=CC(=C(C=C2)C(=O)O)C(=O)O)N+[O-],29.00,63.55,1085.00,2562.00,1.90,1.24,8.92,127.00,398.00,59.60,7.73,7.10,0.39,3.00,1.68,2.00,2.00,6.00,2.00,6.00,10.00,1.00,0.00,0.00,0.00,0.00,0.00,8.35,,
967.00,0.63,1.00,298.00,Cu,C1=CC(=CC=C1C2=CC(=C(C=C2)C(=O)O)C(=O)O)C(=O)O,29.00,63.55,1085.00,2562.00,1.90,1.24,8.92,127.00,398.00,59.60,7.73,7.10,0.39,3.00,1.68,2.00,2.00,6.00,2.00,6.00,10.00,1.00,0.00,0.00,0.00,0.00,0.00,3.26,,
1400.00,0.57,1.00,298.00,Cu,C1=CC(=CC=C1C(=O)N(C(=O)C2=CC(=CC=C2)C(=O)O)C(=O)C3=CC(=CC=C3)C(=O)O)C(=O)O,29.00,63.55,1085.00,2562.00,1.90,1.24,8.92,127.00,398.00,59.60,7.73,7.10,0.39,3.00,1.68,2.00,2.00,6.00,2.00,6.00,10.00,1.00,0.00,0.00,0.00,0.00,0.00,4.15,,
2412.00,0.99,1.00,298.00,Cu,C(=O)(C(=O)N(C(=O)C1=CC(=CC=C1)C(=O)O)C(=O)C2=CC(=CC=C2)C(=O)O)C3=CC(=CC=C3)C(=O)O,29.00,63.55,1085.00,2562.00,1.90,1.24,8.92,127.00,398.00,59.60,7.73,7.10,0.39,3.00,1.68,2.00,2.00,6.00,2.00,6.00,10.00,1.00,0.00,0.00,0.00,0.00,0.00,3.79,,
2471.00,1.10,1.00,298.00,Cu,C1=CC=C(C=C1)C(=O)C2=C,29.00,63.55,1085.00,2562.00,1.90,1.24,8.92,127.00,398.00,59.60,7.73,7.10,0.39,3.00,1.68,2.00,2.00,6.00,2.00,6.00,10.00,1.00,0.00,0.00,0.00,0.00,0.00,4.13,,
2471.00,1.10,1.00,273.00,Cu,C1=CC=C(C=C1)C(=O)C2=C,29.00,63.55,1085.00,2562.00,1.90,1.24,8.92,127.00,398.00,59.60,7.73,7.10,0.39,3.00,1.68,2.00,2.00,6.00,2.00,6.00,10.00,1.00,0.00,0.00,0.00,0.00,0.00,9.09,,
3286.00,1.41,1.00,273.00,Cu,C1=CC(=CC(=C1)C2=CC(=CC(=C2)C(=O)O)N3N=CN=N3)C(=O)O,29.00,63.55,1085.00,2562.00,1.90,1.24,8.92,127.00,398.00,59.60,7.73,7.10,0.39,3.00,1.68,2.00,2.00,6.00,2.00,6.00,10.00,1.00,0.00,0.00,0.00,0.00,0.00,9.02,,
3286.00,1.41,1.00,298.00,Cu,C1=CC(=CC(=C1)C2=CC(=CC(=C2)C(=O)O)N3N=CN=N3)C(=O)O,29.00,63.55,1085.00,2562.00,1.90,1.24,8.92,127.00,398.00,59.60,7.73,7.10,0.39,3.00,1.68,2.00,2.00,6.00,2.00,6.00,10.00,1.00,0.00,0.00,0.00,0.00,0.00,4.64,,
3350.00,1.37,1.00,273.00,Cu,C1=CC(=CC(=C1)C2=CC(=CC(=C2)C#CC3=CC=CC=C3C#CC4=CC=CC=C4C(=O)O)C(=O)O)C(=O)O,29.00,63.55,1085.00,2562.00,1.90,1.24,8.92,127.00,398.00,59.60,7.73,7.10,0.39,3.00,1.68,2.00,2.00,6.00,2.00,6.00,10.00,1.00,0.00,0.00,0.00,0.00,0.00,4.86,,
3350.00,1.37,20.00,298.00,Cu,C1=CC(=CC(=C1)C2=CC(=CC(=C2)C#CC3=CC=CC=C3C#CC4=CC=CC=C4C(=O)O)C(=O)O)C(=O)O,29.00,63.55,1085.00,2562.00,1.90,1.24,8.92,127.00,398.00,59.60,7.73,7.10,0.39,3.00,1.68,2.00,2.00,6.00,2.00,6.00,10.00,1.00,0.00,0.00,0.00,0.00,0.00,21.40,,
4000.00,1.63,1.00,273.00,Cu,C1=CC(=CC(=C1)C2=CC(=CC(=C2)C#CC3=CC=CC=C3C#CC4=CC=CC=C4C#CC5=CC=CC=C5C(=O)O)C(=O)O)C(=O)O,29.00,63.55,1085.00,2562.00,1.90,1.24,8.92,127.00,398.00,59.60,7.73,7.10,0.39,3.00,1.68,2.00,2.00,6.00,2.00,6.00,10.00,1.00,0.00,0.00,0.00,0.00,0.00,5.02,,
4000.00,1.63,20.00,298.00,Cu,C1=CC(=CC(=C1)C2=CC(=CC(=C2)C#CC3=CC=CC=C3C#CC4=CC=CC=C4C#CC5=CC=CC=C5C(=O)O)C(=O)O)C(=O)O,29.00,63.55,1085.00,2562.00,1.90,1.24,8.92,127.00,398.00,59.60,7.73,7.10,0.39,3.00,1.68,2.00,2.00,6.00,2.00,6.00,10.00,1.00,0.00,0.00,0.00,0.00,0.00,22.10,,
5109.00,2.13,1.00,273.00,Cu,C1=CC(=CC=C1C2=CC(=C(C=C2C#CC3=CC(=CC(=C3)C#CC4=CC=C(C=C4)C#CC5=CC(=CC(=C5)C(=O)O)C#CC6=CC=CC=C6C(=O)O)C#CC7=CC=CC=C7C(=O)O)C#CC8=CC(=CC(=C8)C(=O)O)C(=O)O)C#CC9=CC=CC=C9C(=O)O)C#CC10=CC(=CC(=C10)C(=O)O)C(=O)O,29.00,63.55,1085.00,2562.00,1.90,1.24,8.92,127.00,398.00,59.60,7.73,7.10,0.39,3.00,1.68,2.00,2.00,6.00,2.00,6.00,10.00,1.00,0.00,0.00,0.00,0.00,0.00,5.02,,
5109.00,2.13,20.00,298.00,Cu,C1=CC(=CC=C1C2=CC(=C(C=C2C#CC3=CC(=CC(=C3)C#CC4=CC=C(C=C4)C#CC5=CC(=CC(=C5)C(=O)O)C#CC6=CC=CC=C6C(=O)O)C#CC7=CC=CC=C7C(=O)O)C#CC8=CC(=CC(=C8)C(=O)O)C(=O)O)C#CC9=CC=CC=C9C(=O)O)C#CC10=CC(=CC(=C10)C(=O)O)C(=O)O,29.00,63.55,1085.00,2562.00,1.90,1.24,8.92,127.00,398.00,59.60,7.73,7.10,0.39,3.00,1.68,2.00,2.00,6.00,2.00,6.00,10.00,1.00,0.00,0.00,0.00,0.00,0.00,22.10,,
3160.00,1.27,20.00,298.00,Cu,C1=CC(=CC(=C1)C(=O)N(C(=O)C2=CC(=CC(=C2)C(=O)N(C(=O)C3=CC(=CC(=C3)C(=O)O)C(=O)O)C(=O)O)C(=O)O)C(=O)O)C(=O)O,29.00,63.55,1085.00,2562.00,1.90,1.24,8.92,127.00,398.00,59.60,7.73,7.10,0.39,3.00,1.68,2.00,2.00,6.00,2.00,6.00,10.00,1.00,0.00,0.00,0.00,0.00,0.00,23.50,,
3288.00,1.77,20.00,273.00,Cu,C1=CC(=CC(=C1C2=CC(=C(C(=C2)C(=O)O)C(=O)O)C(=O)N(C(=O)C3=CC(=CC(=C3)C(=O)O)C(=O)O)C(=O)O)C(=O)N(C(=O)C4=CC(=CC(=C4)C(=O)O)C(=O)O)C(=O)O)C(=O)O,29.00,63.55,1085.00,2562.00,1.90,1.24,8.92,127.00,398.00,59.60,7.73,7.10,0.39,3.00,1.68,2.00,2.00,6.00,2.00,6.00,10.00,1.00,0.00,0.00,0.00,0.00,0.00,35.68,,
3288.00,1.77,20.00,298.00,Cu,C1=CC(=CC(=C1C2=CC(=C(C(=C2)C(=O)O)C(=O)O)C(=O)N(C(=O)C3=CC(=CC(=C3)C(=O)O)C(=O)O)C(=O)O)C(=O)N(C(=O)C4=CC(=CC(=C4)C(=O)O)C(=O)O)C(=O)O)C(=O)O,29.00,63.55,1085.00,2562.00,1.90,1.24,8.92,127.00,398.00,59.60,7.73,7.10,0.39,3.00,1.68,2.00,2.00,6.00,2.00,6.00,10.00,1.00,0.00,0.00,0.00,0.00,0.00,25.20,,
3360.00,1.91,20.00,273.00,Cu,C1=CC(=CC(=C1C2=CC(=C(C(=C2)C(=O)O)C(=O)O)C(=O)N(C(=O)C3=CC(=CC(=C3)C(=O)O)C(=O)O)C(=O)O)C(=O)N(C(=O)C4=CC(=CC(=C4)C(=O)O)C(=O)O)C(=O)O)C(=O)O,29.00,63.55,1085.00,2562.00,1.90,1.24,8.92,127.00,398.00,59.60,7.73,7.10,0.39,3.00,1.68,2.00,2.00,6.00,2.00,6.00,10.00,1.00,0.00,0.00,0.00,0.00,0.00,35.60,,
3360.00,1.91,20.00,298.00,Cu,C1=CC(=CC(=C1C2=CC(=C(C(=C2)C(=O)O)C(=O)O)C(=O)N(C(=O)C3=CC(=CC(=C3)C(=O)O)C(=O)O)C(=O)O)C(=O)N(C(=O)C4=CC(=CC(=C4)C(=O)O)C(=O)O)C(=O)O)C(=O)O,29.00,63.55,1085.00,2562.00,1.90,1.24,8.92,127.00,398.00,59.60,7.73,7.10,0.39,3.00,1.68,2.00,2.00,6.00,2.00,6.00,10.00,1.00,0.00,0.00,0.00,0.00,0.00,25.20,,
4460.00,2.16,50.00,298.00,Zn,C1=CC(=CC=C1C2=CC(=C(C(=C2)C(=O)O)C(=O)O)C(=O)O)C(=O)O,30.00,65.38,419.50,907.00,1.65,0.00,7.14,134.00,116.00,16.90,9.39,9.20,0.39,2.50,5.90,2.00,2.00,6.00,2.00,6.00,10.00,2.00,0.00,0.00,0.00,0.00,0.00,38.10,,
4460.00,2.16,20.00,273.00,Zn,C1=CC(=CC=C1C2=CC(=C(C(=C2)C(=O)O)C(=O)O)C(=O)O)C(=O)O,30.00,65.38,419.50,907.00,1.65,0.00,7.14,134.00,116.00,16.90,9.39,9.20,0.39,2.50,5.90,2.00,2.00,6.00,2.00,6.00,10.00,2.00,0.00,0.00,0.00,0.00,0.00,33.90,,
4460.00,2.16,20.00,298.00,Zn,C1=CC(=CC=C1C2=CC(=C(C(=C2)C(=O)O)C(=O)O)C(=O)O)C(=O)O,30.00,65.38,419.50,907.00,1.65,0.00,7.14,134.00,116.00,16.90,9.39,9.20,0.39,2.50,5.90,2.00,2.00,6.00,2.00,6.00,10.00,2.00,0.00,0.00,0.00,0.00,0.00,26.00,,
6240.00,3.60,20.00,273.00,Zn,C1=CC=C(C(=C1)C(=O)O)C2=CC=C(C=C2)C(=O)O,30.00,65.38,419.50,907.00,1.65,0.00,7.14,134.00,116.00,16.90,9.39,9.20,0.39,2.50,5.90,2.00,2.00,6.00,2.00,6.00,10.00,2.00,0.00,0.00,0.00,0.00,0.00,54.50,,
6240.00,3.60,20.00,298.00,Zn,C1=CC=C(C(=C1)C(=O)O)C2=CC=C(C=C2)C(=O)O,30.00,65.38,419.50,907.00,1.65,0.00,7.14,134.00,116.00,16.90,9.39,9.20,0.39,2.50,5.90,2.00,2.00,6.00,2.00,6.00,10.00,2.00,0.00,0.00,0.00,0.00,0.00,16.00,,
2690.00,1.08,1.00,273.00,Cu,C1=CC(=CC=C1C(=O)NC2=CC=C(C=C2)C(=O)O)C(=O)O,29.00,63.55,1085.00,2562.00,1.90,1.24,8.92,127.00,398.00,59.60,7.73,7.10,0.39,3.00,1.68,2.00,2.00,6.00,2.00,6.00,10.00,1.00,0.00,0.00,0.00,0.00,0.00,6.21,,
2690.00,1.08,20.00,273.00,Cu,C1=CC(=CC=C1C(=O)NC2=CC=C(C=C2)C(=O)O)C(=O)O,29.00,63.55,1085.00,2562.00,1.90,1.24,8.92,127.00,398.00,59.60,7.73,7.10,0.39,3.00,1.68,2.00,2.00,6.00,2.00,6.00,10.00,1.00,0.00,0.00,0.00,0.00,0.00,22.12,,
2690.00,1.08,20.00,298.00,Cu,C1=CC(=CC=C1C(=O)NC2=CC=C(C=C2)C(=O)O)C(=O)O,29.00,63.55,1085.00,2562.00,1.90,1.24,8.92,127.00,398.00,59.60,7.73,7.10,0.39,3.00,1.68,2.00,2.00,6.00,2.00,6.00,10.00,1.00,0.00,0.00,0.00,0.00,0.00,18.10,,
1372.00,0.58,1.00,273.00,Cu,C1=CC(=CC(=C1C(=O)NC2=CC(=C(C(=C2)C(=O)O)C(=O)O)C(=O)O)C(=O)NC3=CC(=CC(=C3)C(=O)O)C(=O)O)C(=O)O,29.00,63.55,1085.00,2562.00,1.90,1.24,8.92,127.00,398.00,59.60,7.73,7.10,0.39,3.00,1.68,2.00,2.00,6.00,2.00,6.00,10.00,1.00,0.00,0.00,0.00,0.00,0.00,6.50,,
1372.00,0.58,1.00,283.00,Cu,C1=CC(=CC(=C1C(=O)NC2=CC(=C(C(=C2)C(=O)O)C(=O)O)C(=O)O)C(=O)NC3=CC(=CC(=C3)C(=O)O)C(=O)O)C(=O)O,29.00,63.55,1085.00,2562.00,1.90,1.24,8.92,127.00,398.00,59.60,7.73,7.10,0.39,3.00,1.68,2.00,2.00,6.00,2.00,6.00,10.00,1.00,0.00,0.00,0.00,0.00,0.00,5.41,,
1372.00,0.58,1.00,295.00,Cu,C1=CC(=CC(=C1C(=O)NC2=CC(=C(C(=C2)C(=O)O)C(=O)O)C(=O)O)C(=O)NC3=CC(=CC(=C3)C(=O)O)C(=O)O)C(=O)O,29.00,63.55,1085.00,2562.00,1.90,1.24,8.92,127.00,398.00,59.60,7.73,7.10,0.39,3.00,1.68,2.00,2.00,6.00,2.00,6.00,10.00,1.00,0.00,0.00,0.00,0.00,0.00,4.16,,
808.50,0.32,1.00,298.00,Cu,C1=C(C(=CC(=C1)C(=O)NCC(=O)O)C(=O)NCC(=O)O)C(=O)NCC(=O)O,29.00,63.55,1085.00,2562.00,1.90,1.24,8.92,127.00,398.00,59.60,7.73,7.10,0.39,3.00,1.68,2.00,2.00,6.00,2.00,6.00,10.00,1.00,0.00,0.00,0.00,0.00,0.00,2.00,,
808.50,0.32,20.00,298.00,Cu,C1=C(C(=CC(=C1)C(=O)NCC(=O)O)C(=O)NCC(=O)O)C(=O)NCC(=O)O,29.00,63.55,1085.00,2562.00,1.90,1.24,8.92,127.00,398.00,59.60,7.73,7.10,0.39,3.00,1.68,2.00,2.00,6.00,2.00,6.00,10.00,1.00,0.00,0.00,0.00,0.00,0.00,5.50,,
150.00,0.32,1.00,203.00,Zn,"C1=CC(=CC=C1C(=O)O)C(=O)O,N=C(N)C=CC2=CC=CC=C2C3=CC=CC4=CC=CC=C34",30.00,65.38,419.50,907.00,1.65,0.00,7.14,134.00,116.00,16.90,9.39,9.20,0.39,2.50,5.90,2.00,2.00,6.00,2.00,6.00,10.00,2.00,0.00,0.00,0.00,0.00,0.00,9.00,,
0.00,0.16,1.00,203.00,Zn,"C1=CC(=CC=C1C(=O)O)C(=O)O,N=C(C)C1=CC=CC=C1C(=O)NC(=O)C2=CC=CC=C2",30.00,65.38,419.50,907.00,1.65,0.00,7.14,134.00,116.00,16.90,9.39,9.20,0.39,2.50,5.90,2.00,2.00,6.00,2.00,6.00,10.00,2.00,0.00,0.00,0.00,0.00,0.00,4.50,,
680.00,0.25,1.00,203.00,Zn,"C1=CC(=CC=C1C(=O)O)C(=O)O,N=C(C)C1=CC=CC=C1C(=O)NC(=O)C2=CC=CC=C2",30.00,65.38,419.50,907.00,1.65,0.00,7.14,134.00,116.00,16.90,9.39,9.20,0.39,2.50,5.90,2.00,2.00,6.00,2.00,6.00,10.00,2.00,0.00,0.00,0.00,0.00,0.00,7.20,,
0.00,0.27,1.00,203.00,Zn,"C1=CC(=CC=C1C(=O)O)C(=O)O,C1=CC=NC=C1NC(=O)C2=CC=C(C=C2)C3=CC=CC=C3",30.00,65.38,419.50,907.00,1.65,0.00,7.14,134.00,116.00,16.90,9.39,9.20,0.39,2.50,5.90,2.00,2.00,6.00,2.00,6.00,10.00,2.00,0.00,0.00,0.00,0.00,0.00,7.20,,
0.00,0.22,1.00,203.00,Zn,"C1=CC(=CC=C1C(=O)O)C(=O)O,N=C(C=O)C1=CC=CC=C1NC2=CC=CC3=C2C=CC=C3",30.00,65.38,419.50,907.00,1.65,0.00,7.14,134.00,116.00,16.90,9.39,9.20,0.39,2.50,5.90,2.00,2.00,6.00,2.00,6.00,10.00,2.00,0.00,0.00,0.00,0.00,0.00,6.30,,
1724.00,7.30,1.00,273.00,Zn,C1=CC=C(C=C1C2=CC(=C(C=C2)C(=O)O)C(=O)O)SC(=S)N(C)C,30.00,65.38,419.50,907.00,1.65,0.00,7.14,134.00,116.00,16.90,9.39,9.20,0.39,2.50,5.90,2.00,2.00,6.00,2.00,6.00,10.00,2.00,0.00,0.00,0.00,0.00,0.00,2.18,,
1760.00,7.50,1.00,273.00,Zn,C1=CC=C(C=C1C2=CC(=C(C=C2)C(=O)O)C(=O)O)SC(=O)N(C)C,30.00,65.38,419.50,907.00,1.65,0.00,7.14,134.00,116.00,16.90,9.39,9.20,0.39,2.50,5.90,2.00,2.00,6.00,2.00,6.00,10.00,2.00,0.00,0.00,0.00,0.00,0.00,2.50,,
1600.00,0.38,30.00,273.00,Ni,C1=CC(=NN1)C2=CC(=NN2)C3=CC=CC=C3,28.00,58.69,1455.00,2913.00,1.91,1.16,8.91,124.00,90.90,14.30,7.64,6.60,0.44,4.00,6.84,2.00,2.00,6.00,2.00,6.00,8.00,2.00,0.00,0.00,0.00,0.00,0.00,10.00,,
2200.00,0.71,30.00,273.00,Zn,C1=CC(=NN1)C2=CC(=NN2)C3=CC=CC=C4,30.00,65.38,419.50,907.00,1.65,0.00,7.14,134.00,116.00,16.90,9.39,9.20,0.39,2.50,5.90,2.00,2.00,6.00,2.00,6.00,10.00,2.00,0.00,0.00,0.00,0.00,0.00,9.10,,
1273.00,0.79,10.00,298.00,Fe,C1=CC(=CC=C1C#CC2=CC(=NN2)C#C)C#C,26.00,55.85,1538.00,2862.00,1.83,0.15,7.87,126.00,80.40,10.10,7.90,7.10,0.45,4.00,10.00,2.00,2.00,6.00,2.00,6.00,6.00,2.00,0.00,0.00,0.00,0.00,0.00,9.20,,
1273.00,0.79,10.00,273.00,Fe,C1=CC(=CC=C1C#CC2=CC(=NN2)C#C)C#C,26.00,55.85,1538.00,2862.00,1.83,0.15,7.87,126.00,80.40,10.10,7.90,7.10,0.45,4.00,10.00,2.00,2.00,6.00,2.00,6.00,6.00,2.00,0.00,0.00,0.00,0.00,0.00,12.00,,
1273.00,0.79,1.00,195.00,Fe,C1=CC(=CC=C1C#CC2=CC(=NN2)C#C)C#C,26.00,55.85,1538.00,2862.00,1.83,0.15,7.87,126.00,80.40,10.10,7.90,7.10,0.45,4.00,10.00,2.00,2.00,6.00,2.00,6.00,6.00,2.00,0.00,0.00,0.00,0.00,0.00,13.60,,
1900.00,1.05,10.00,298.00,Ni,C1=CC(=CC=C1C#CC2=CC(=NN2)C#C)C#C,28.00,58.69,1455.00,2913.00,1.91,1.16,8.91,124.00,90.90,14.30,7.64,6.60,0.44,4.00,6.84,2.00,2.00,6.00,2.00,6.00,8.00,2.00,0.00,0.00,0.00,0.00,0.00,5.90,,
1900.00,1.05,10.00,273.00,Ni,C1=CC(=CC=C1C#CC2=CC(=NN2)C#C)C#C,28.00,58.69,1455.00,2913.00,1.91,1.16,8.91,124.00,90.90,14.30,7.64,6.60,0.44,4.00,6.84,2.00,2.00,6.00,2.00,6.00,8.00,2.00,0.00,0.00,0.00,0.00,0.00,8.50,,
1900.00,1.05,1.00,195.00,Ni,C1=CC(=CC=C1C#CC2=CC(=NN2)C#C)C#C,28.00,58.69,1455.00,2913.00,1.91,1.16,8.91,124.00,90.90,14.30,7.64,6.60,0.44,4.00,6.84,2.00,2.00,6.00,2.00,6.00,8.00,2.00,0.00,0.00,0.00,0.00,0.00,11.60,,
985.00,0.60,10.00,298.00,Zn,C1=CC(=CC=C1C#CC2=CC(=NN2)C#C)C#C,30.00,65.38,419.50,907.00,1.65,0.00,7.14,134.00,116.00,16.90,9.39,9.20,0.39,2.50,5.90,2.00,2.00,6.00,2.00,6.00,10.00,2.00,0.00,0.00,0.00,0.00,0.00,5.20,,
985.00,0.60,10.00,273.00,Zn,C1=CC(=CC=C1C#CC2=CC(=NN2)C#C)C#C,30.00,65.38,419.50,907.00,1.65,0.00,7.14,134.00,116.00,16.90,9.39,9.20,0.39,2.50,5.90,2.00,2.00,6.00,2.00,6.00,10.00,2.00,0.00,0.00,0.00,0.00,0.00,8.20,,
985.00,0.60,1.00,195.00,Zn,C1=CC(=CC=C1C#CC2=CC(=NN2)C#C)C#C,30.00,65.38,419.50,907.00,1.65,0.00,7.14,134.00,116.00,16.90,9.39,9.20,0.39,2.50,5.90,2.00,2.00,6.00,2.00,6.00,10.00,2.00,0.00,0.00,0.00,0.00,0.00,11.30,,
1980.00,0.76,20.00,298.00,Zn,C1=CC(=CC(=C1)C(=O)O)C(=O)O,30.00,65.38,419.50,907.00,1.65,0.00,7.14,134.00,116.00,16.90,9.39,9.20,0.39,2.50,5.90,2.00,2.00,6.00,2.00,6.00,10.00,2.00,0.00,0.00,0.00,0.00,0.00,8.66,,
1320.00,0.53,20.00,298.00,Zn,"[Br],C(=O)(C(=O)O)C1=CC=CC=C1,C1CN2CCNCC2N1",30.00,65.38,419.50,907.00,1.65,0.00,7.14,134.00,116.00,16.90,9.39,9.20,0.39,2.50,5.90,2.00,2.00,6.00,2.00,6.00,10.00,2.00,0.00,0.00,0.00,0.00,0.00,5.52,,
1310.00,0.53,20.00,298.00,Zn,"C(=O)(C(=O)O)C1=CC(=CC=C1)N+[O-],C1CN2CCNCC2N1",30.00,65.38,419.50,907.00,1.65,0.00,7.14,134.00,116.00,16.90,9.39,9.20,0.39,2.50,5.90,2.00,2.00,6.00,2.00,6.00,10.00,2.00,0.00,0.00,0.00,0.00,0.00,7.27,,
1210.00,0.49,20.00,298.00,Zn,"C(=O)(C(=O)O)C1=CC=CC=C1,C1CN2CCNCC2N1",30.00,65.38,419.50,907.00,1.65,0.00,7.14,134.00,116.00,16.90,9.39,9.20,0.39,2.50,5.90,2.00,2.00,6.00,2.00,6.00,10.00,2.00,0.00,0.00,0.00,0.00,0.00,3.68,,
1180.00,0.45,20.00,298.00,Zn,"C(=O)(C(=O)O)C1=CC=CC=C1,Cl,Cl,C1CN2CCNCC2N1",30.00,65.38,419.50,907.00,1.65,0.00,7.14,134.00,116.00,16.90,9.39,9.20,0.39,2.50,5.90,2.00,2.00,6.00,2.00,6.00,10.00,2.00,0.00,0.00,0.00,0.00,0.00,6.00,,
1130.00,0.54,20.00,298.00,Zn,"C(=O)(C(=O)O)C1=CC=CC=C1,O,C1CN2CCNCC2N1",30.00,65.38,419.50,907.00,1.65,0.00,7.14,134.00,116.00,16.90,9.39,9.20,0.39,2.50,5.90,2.00,2.00,6.00,2.00,6.00,10.00,2.00,0.00,0.00,0.00,0.00,0.00,5.64,,
1120.00,0.48,20.00,298.00,Zn,"C(=O)(C(=O)O)C1=CC=CC=C1,C1CN2CCN(C2=N1)C",30.00,65.38,419.50,907.00,1.65,0.00,7.14,134.00,116.00,16.90,9.39,9.20,0.39,2.50,5.90,2.00,2.00,6.00,2.00,6.00,10.00,2.00,0.00,0.00,0.00,0.00,0.00,5.77,,
1050.00,0.57,20.00,298.00,Zn,"C(=O)(C(=O)O)C1=CC=CC=C1,C1CN2CCN(C2=C1)C",30.00,65.38,419.50,907.00,1.65,0.00,7.14,134.00,116.00,16.90,9.39,9.20,0.39,2.50,5.90,2.00,2.00,6.00,2.00,6.00,10.00,2.00,0.00,0.00,0.00,0.00,0.00,5.36,,
760.00,0.33,20.00,298.00,Zn,"C(=O)(C(=O)O)C1=CC=CC=C1,C1CN2CCN(C2=C1)C",30.00,65.38,419.50,907.00,1.65,0.00,7.14,134.00,116.00,16.90,9.39,9.20,0.39,2.50,5.90,2.00,2.00,6.00,2.00,6.00,10.00,2.00,0.00,0.00,0.00,0.00,0.00,3.89,,
1390.00,0.70,1.00,298.00,Zr,C(=O)(C1=CC=C(C=C1)C(=O)O),40.00,91.22,1855.00,4409.00,1.33,0.43,6.52,155.00,22.70,2.40,6.63,14.00,0.28,5.00,40.00,2.00,2.00,6.00,2.00,6.00,10.00,2.00,6.00,2.00,0.00,0.00,0.00,1.41,,
1495.00,0.57,0.10,296.00,Mg,C(=O)(C(=O)O)C1=CC(=CC(=C1O)C(=O)[O-])C(=O)[O-],12.00,24.31,650.00,1091.00,1.31,0.00,1.74,150.00,156.00,22.90,7.65,13.97,1.02,2.50,43.90,2.00,2.00,6.00,2.00,0.00,0.00,0.00,0.00,0.00,0.00,0.00,0.00,5.36,,
1495.00,0.57,1.00,296.00,Mg,C(=O)(C(=O)O)C1=CC(=CC(=C1O)C(=O)[O-])C(=O)[O-],12.00,24.31,650.00,1091.00,1.31,0.00,1.74,150.00,156.00,22.90,7.65,13.97,1.02,2.50,43.90,2.00,2.00,6.00,2.00,0.00,0.00,0.00,0.00,0.00,0.00,0.00,0.00,8.00,,
1070.00,0.54,0.10,296.00,Ni,C(=O)(C(=O)O)C1=CC(=CC(=C1O)C(=O)[O-])C(=O)[O-],28.00,58.69,1455.00,2913.00,1.91,1.16,8.91,124.00,90.90,14.30,7.64,6.60,0.44,4.00,6.84,2.00,2.00,6.00,2.00,6.00,8.00,2.00,0.00,0.00,0.00,0.00,0.00,2.64,,
1070.00,0.54,1.00,296.00,Ni,C(=O)(C(=O)O)C1=CC(=CC(=C1O)C(=O)[O-])C(=O)[O-],28.00,58.69,1455.00,2913.00,1.91,1.16,8.91,124.00,90.90,14.30,7.64,6.60,0.44,4.00,6.84,2.00,2.00,6.00,2.00,6.00,8.00,2.00,0.00,0.00,0.00,0.00,0.00,5.82,,
1080.00,0.50,0.10,296.00,Co,C(=O)(C(=O)O)C1=CC(=CC(=C1O)C(=O)[O-])C(=O)[O-],27.00,58.93,1495.00,2927.00,1.88,0.66,8.86,125.00,100.00,17.20,7.88,6.70,0.42,5.00,6.24,2.00,2.00,6.00,2.00,6.00,7.00,2.00,0.00,0.00,0.00,0.00,0.00,2.64,,
1080.00,0.50,1.00,296.00,Co,C(=O)(C(=O)O)C1=CC(=CC(=C1O)C(=O)[O-])C(=O)[O-],27.00,58.93,1495.00,2927.00,1.88,0.66,8.86,125.00,100.00,17.20,7.88,6.70,0.42,5.00,6.24,2.00,2.00,6.00,2.00,6.00,7.00,2.00,0.00,0.00,0.00,0.00,0.00,6.95,,
816.00,0.58,0.10,296.00,Zn,C(=O)(C(=O)O)C1=CC(=CC(=C1O)C(=O)[O-])C(=O)[O-],30.00,65.38,419.50,907.00,1.65,0.00,7.14,134.00,116.00,16.90,9.39,9.20,0.39,2.50,5.90,2.00,2.00,6.00,2.00,6.00,10.00,2.00,0.00,0.00,0.00,0.00,0.00,1.32,,
816.00,0.58,1.00,296.00,Zn,C(=O)(C(=O)O)C1=CC(=CC(=C1O)C(=O)[O-])C(=O)[O-],30.00,65.38,419.50,907.00,1.65,0.00,7.14,134.00,116.00,16.90,9.39,9.20,0.39,2.50,5.90,2.00,2.00,6.00,2.00,6.00,10.00,2.00,0.00,0.00,0.00,0.00,0.00,5.55,,
966.00,0.46,0.10,273.00,Ni,C1=CC(=CC=C1C(=O)O)C(=O)O,28.00,58.69,1455.00,2913.00,1.91,1.16,8.91,124.00,90.90,14.30,7.64,6.60,0.44,4.00,6.84,2.00,2.00,6.00,2.00,6.00,8.00,2.00,0.00,0.00,0.00,0.00,0.00,0.73,,
966.00,0.46,0.10,298.00,Ni,C1=CC(=CC=C1C(=O)O)C(=O)O,28.00,58.69,1455.00,2913.00,1.91,1.16,8.91,124.00,90.90,14.30,7.64,6.60,0.44,4.00,6.84,2.00,2.00,6.00,2.00,6.00,8.00,2.00,0.00,0.00,0.00,0.00,0.00,0.35,,
966.00,0.46,1.00,273.00,Ni,C1=CC(=CC=C1C(=O)O)C(=O)O,28.00,58.69,1455.00,2913.00,1.91,1.16,8.91,124.00,90.90,14.30,7.64,6.60,0.44,4.00,6.84,2.00,2.00,6.00,2.00,6.00,8.00,2.00,0.00,0.00,0.00,0.00,0.00,6.09,,
966.00,0.46,1.00,298.00,Ni,C1=CC(=CC=C1C(=O)O)C(=O)O,28.00,58.69,1455.00,2913.00,1.91,1.16,8.91,124.00,90.90,14.30,7.64,6.60,0.44,4.00,6.84,2.00,2.00,6.00,2.00,6.00,8.00,2.00,0.00,0.00,0.00,0.00,0.00,3.29,,
808.00,0.40,0.10,273.00,Ni,"C1=CC(=C(C=C1O)C(=O)O)C(=O)C(=O)O,C1=CC(=CC(=C1)N=NC2=CC=NC(=N2)C3=CC=NC(=N3)C(=O)O)C(=O)O",28.00,58.69,1455.00,2913.00,1.91,1.16,8.91,124.00,90.90,14.30,7.64,6.60,0.44,4.00,6.84,2.00,2.00,6.00,2.00,6.00,8.00,2.00,0.00,0.00,0.00,0.00,0.00,2.42,,
808.00,0.40,0.10,298.00,Ni,"C1=CC(=C(C=C1O)C(=O)O)C(=O)C(=O)O,C1=CC(=CC(=C1)N=NC2=CC=NC(=N2)C3=CC=NC(=N3)C(=O)O)C(=O)O",28.00,58.69,1455.00,2913.00,1.91,1.16,8.91,124.00,90.90,14.30,7.64,6.60,0.44,4.00,6.84,2.00,2.00,6.00,2.00,6.00,8.00,2.00,0.00,0.00,0.00,0.00,0.00,1.03,,
808.00,0.40,1.00,273.00,Ni,"C1=CC(=C(C=C1O)C(=O)O)C(=O)C(=O)O,C1=CC(=CC(=C1)N=NC2=CC=NC(=N2)C3=CC=NC(=N3)C(=O)O)C(=O)O",28.00,58.69,1455.00,2913.00,1.91,1.16,8.91,124.00,90.90,14.30,7.64,6.60,0.44,4.00,6.84,2.00,2.00,6.00,2.00,6.00,8.00,2.00,0.00,0.00,0.00,0.00,0.00,7.76,,
808.00,0.40,1.00,298.00,Ni,"C1=CC(=C(C=C1O)C(=O)O)C(=O)C(=O)O,C1=CC(=CC(=C1)N=NC2=CC=NC(=N2)C3=CC=NC(=N3)C(=O)O)C(=O)O",28.00,58.69,1455.00,2913.00,1.91,1.16,8.91,124.00,90.90,14.30,7.64,6.60,0.44,4.00,6.84,2.00,2.00,6.00,2.00,6.00,8.00,2.00,0.00,0.00,0.00,0.00,0.00,5.63,,
805.00,0.41,0.10,273.00,Ni,"C1=CC(=CC(=C1)C(=O)O)N,C1=CC(=NC(=C1)N=NC2=CC(=NC(=C2)N=NC3=CC=NC(=N3)C(=O)O)C(=O)O)C(=O)O",28.00,58.69,1455.00,2913.00,1.91,1.16,8.91,124.00,90.90,14.30,7.64,6.60,0.44,4.00,6.84,2.00,2.00,6.00,2.00,6.00,8.00,2.00,0.00,0.00,0.00,0.00,0.00,1.15,,
805.00,0.41,0.10,298.00,Ni,"C1=CC(=CC(=C1)C(=O)O)N,C1=CC(=NC(=C1)N=NC2=CC(=NC(=C2)N=NC3=CC=NC(=N3)C(=O)O)C(=O)O)C(=O)O",28.00,58.69,1455.00,2913.00,1.91,1.16,8.91,124.00,90.90,14.30,7.64,6.60,0.44,4.00,6.84,2.00,2.00,6.00,2.00,6.00,8.00,2.00,0.00,0.00,0.00,0.00,0.00,0.59,,
805.00,0.41,1.00,273.00,Ni,"C1=CC(=CC(=C1)C(=O)O)N,C1=CC(=NC(=C1)N=NC2=CC(=NC(=C2)N=NC3=CC=NC(=N3)C(=O)O)C(=O)O)C(=O)O",28.00,58.69,1455.00,2913.00,1.91,1.16,8.91,124.00,90.90,14.30,7.64,6.60,0.44,4.00,6.84,2.00,2.00,6.00,2.00,6.00,8.00,2.00,0.00,0.00,0.00,0.00,0.00,5.99,,
805.00,0.41,1.00,298.00,Ni,"C1=CC(=CC(=C1)C(=O)O)N,C1=CC(=NC(=C1)N=NC2=CC(=NC(=C2)N=NC3=CC=NC(=N3)C(=O)O)C(=O)O)C(=O)O",28.00,58.69,1455.00,2913.00,1.91,1.16,8.91,124.00,90.90,14.30,7.64,6.60,0.44,4.00,6.84,2.00,2.00,6.00,2.00,6.00,8.00,2.00,0.00,0.00,0.00,0.00,0.00,3.95,,
222.00,0.11,0.10,273.00,Ni,"C1=CC(=CC=C1C(=O)O)C2=CC=C3C(=C2)C=CC(=C3)C(=O)O,C1=CC(=NC(=C1)N=NC2=CC(=NC(=C2)N=NC3=CC=NC(=N3)C(=O)O)C(=O)O)C(=O)O",28.00,58.69,1455.00,2913.00,1.91,1.16,8.91,124.00,90.90,14.30,7.64,6.60,0.44,4.00,6.84,2.00,2.00,6.00,2.00,6.00,8.00,2.00,0.00,0.00,0.00,0.00,0.00,0.45,,
222.00,0.11,0.10,298.00,Ni,"C1=CC(=CC=C1C(=O)O)C2=CC=C3C(=C2)C=CC(=C3)C(=O)O,C1=CC(=NC(=C1)N=NC2=CC(=NC(=C2)N=NC3=CC=NC(=N3)C(=O)O)C(=O)O)C(=O)O",28.00,58.69,1455.00,2913.00,1.91,1.16,8.91,124.00,90.90,14.30,7.64,6.60,0.44,4.00,6.84,2.00,2.00,6.00,2.00,6.00,8.00,2.00,0.00,0.00,0.00,0.00,0.00,0.22,,
222.00,0.11,1.00,273.00,Ni,"C1=CC(=CC=C1C(=O)O)C2=CC=C3C(=C2)C=CC(=C3)C(=O)O,C1=CC(=NC(=C1)N=NC2=CC(=NC(=C2)N=NC3=CC=NC(=N3)C(=O)O)C(=O)O)C(=O)O",28.00,58.69,1455.00,2913.00,1.91,1.16,8.91,124.00,90.90,14.30,7.64,6.60,0.44,4.00,6.84,2.00,2.00,6.00,2.00,6.00,8.00,2.00,0.00,0.00,0.00,0.00,0.00,1.62,,
222.00,0.11,1.00,298.00,Ni,"C1=CC(=CC=C1C(=O)O)C2=CC=C3C(=C2)C=CC(=C3)C(=O)O,C1=CC(=NC(=C1)N=NC2=CC(=NC(=C2)N=NC3=CC=NC(=N3)C(=O)O)C(=O)O)C(=O)O",28.00,58.69,1455.00,2913.00,1.91,1.16,8.91,124.00,90.90,14.30,7.64,6.60,0.44,4.00,6.84,2.00,2.00,6.00,2.00,6.00,8.00,2.00,0.00,0.00,0.00,0.00,0.00,1.10,,
1002.00,0.49,0.10,273.00,Ni,"C1=CC(=CC=C1C(=O)O)C2=CC(=C3C=CC(=C2)C(=O)C=CC3=O)C(=O)O,C1=CC(=NC(=C1)N=NC2=CC(=NC(=C2)N=NC3=CC=NC(=N3)C(=O)O)C(=O)O)C(=O)O",28.00,58.69,1455.00,2913.00,1.91,1.16,8.91,124.00,90.90,14.30,7.64,6.60,0.44,4.00,6.84,2.00,2.00,6.00,2.00,6.00,8.00,2.00,0.00,0.00,0.00,0.00,0.00,0.45,,
1002.00,0.49,0.10,298.00,Ni,"C1=CC(=CC=C1C(=O)O)C2=CC(=C3C=CC(=C2)C(=O)C=CC3=O)C(=O)O,C1=CC(=NC(=C1)N=NC2=CC(=NC(=C2)N=NC3=CC=NC(=N3)C(=O)O)C(=O)O)C(=O)O",28.00,58.69,1455.00,2913.00,1.91,1.16,8.91,124.00,90.90,14.30,7.64,6.60,0.44,4.00,6.84,2.00,2.00,6.00,2.00,6.00,8.00,2.00,0.00,0.00,0.00,0.00,0.00,0.23,,
1002.00,0.49,1.00,273.00,Ni,"C1=CC(=CC=C1C(=O)O)C2=CC(=C3C=CC(=C2)C(=O)C=CC3=O)C(=O)O,C1=CC(=NC(=C1)N=NC2=CC(=NC(=C2)N=NC3=CC=NC(=N3)C(=O)O)C(=O)O)C(=O)O",28.00,58.69,1455.00,2913.00,1.91,1.16,8.91,124.00,90.90,14.30,7.64,6.60,0.44,4.00,6.84,2.00,2.00,6.00,2.00,6.00,8.00,2.00,0.00,0.00,0.00,0.00,0.00,3.13,,
1002.00,0.49,1.00,298.00,Ni,"C1=CC(=CC=C1C(=O)O)C2=CC(=C3C=CC(=C2)C(=O)C=CC3=O)C(=O)O,C1=CC(=NC(=C1)N=NC2=CC(=NC(=C2)N=NC3=CC=NC(=N3)C(=O)O)C(=O)O)C(=O)O",28.00,58.69,1455.00,2913.00,1.91,1.16,8.91,124.00,90.90,14.30,7.64,6.60,0.44,4.00,6.84,2.00,2.00,6.00,2.00,6.00,8.00,2.00,0.00,0.00,0.00,0.00,0.00,1.96,,
724.00,0.31,0.10,273.00,Ni,"C1=CC(=CC=C1C(=O)O)C2=CC=CC=C2,C1=CC(=NC(=C1)N=NC2=CC(=NC(=C2)N=NC3=CC=NC(=N3)C(=O)O)C(=O)O)C(=O)O",28.00,58.69,1455.00,2913.00,1.91,1.16,8.91,124.00,90.90,14.30,7.64,6.60,0.44,4.00,6.84,2.00,2.00,6.00,2.00,6.00,8.00,2.00,0.00,0.00,0.00,0.00,0.00,0.35,,
724.00,0.31,0.10,298.00,Ni,"C1=CC(=CC=C1C(=O)O)C2=CC=CC=C2,C1=CC(=NC(=C1)N=NC2=CC(=NC(=C2)N=NC3=CC=NC(=N3)C(=O)O)C(=O)O)C(=O)O",28.00,58.69,1455.00,2913.00,1.91,1.16,8.91,124.00,90.90,14.30,7.64,6.60,0.44,4.00,6.84,2.00,2.00,6.00,2.00,6.00,8.00,2.00,0.00,0.00,0.00,0.00,0.00,0.21,,
724.00,0.31,1.00,273.00,Ni,"C1=CC(=CC=C1C(=O)O)C2=CC=CC=C2,C1=CC(=NC(=C1)N=NC2=CC(=NC(=C2)N=NC3=CC=NC(=N3)C(=O)O)C(=O)O)C(=O)O",28.00,58.69,1455.00,2913.00,1.91,1.16,8.91,124.00,90.90,14.30,7.64,6.60,0.44,4.00,6.84,2.00,2.00,6.00,2.00,6.00,8.00,2.00,0.00,0.00,0.00,0.00,0.00,1.93,,
724.00,0.31,1.00,298.00,Ni,"C1=CC(=CC=C1C(=O)O)C2=CC=CC=C2,C1=CC(=NC(=C1)N=NC2=CC(=NC(=C2)N=NC3=CC=NC(=N3)C(=O)O)C(=O)O)C(=O)O",28.00,58.69,1455.00,2913.00,1.91,1.16,8.91,124.00,90.90,14.30,7.64,6.60,0.44,4.00,6.84,2.00,2.00,6.00,2.00,6.00,8.00,2.00,0.00,0.00,0.00,0.00,0.00,1.32,,
1120.00,0.45,1.00,273.00,Ni,"C1=CC(=CC=C1C(=O)O)C(=O)O,C1=CC(=NC(=C1)C2=NC(=CC=C2)C(=N)N)C(=N)N",28.00,58.69,1455.00,2913.00,1.91,1.16,8.91,124.00,90.90,14.30,7.64,6.60,0.44,4.00,6.84,2.00,2.00,6.00,2.00,6.00,8.00,2.00,0.00,0.00,0.00,0.00,0.00,4.51,,
465.00,0.19,1.00,273.00,Ni,"C1=CC(=CC=C1C(=O)O)C(=O)O,C1=CN=CN=C1",28.00,58.69,1455.00,2913.00,1.91,1.16,8.91,124.00,90.90,14.30,7.64,6.60,0.44,4.00,6.84,2.00,2.00,6.00,2.00,6.00,8.00,2.00,0.00,0.00,0.00,0.00,0.00,2.41,,
870.00,0.36,1.00,298.00,Cu,"C1=CC(=CC(=C1C2=NC(=NN2)N3C=NC(=N3)C4=CC=CC=C4)C(=O)O)C(=O)O,CCN(CCN)CC",29.00,63.55,1085.00,2562.00,1.90,1.24,8.92,127.00,398.00,59.60,7.73,7.10,0.39,3.00,1.68,2.00,2.00,6.00,2.00,6.00,10.00,1.00,0.00,0.00,0.00,0.00,0.00,4.14,,
870.00,0.36,0.15,298.00,Cu,"C1=CC(=CC(=C1C2=NC(=NN2)N3C=NC(=N3)C4=CC=CC=C4)C(=O)O)C(=O)O,CCN(CCN)CC",29.00,63.55,1085.00,2562.00,1.90,1.24,8.92,127.00,398.00,59.60,7.73,7.10,0.39,3.00,1.68,2.00,2.00,6.00,2.00,6.00,10.00,1.00,0.00,0.00,0.00,0.00,0.00,2.39,,
1770.00,0.71,1.00,298.00,Cu,C1=CC(=CC(=C1C2=NC(=NN2)N3C=NC(=N3)C4=CC=CC=C4)C(=O)O)C(=O)O,29.00,63.55,1085.00,2562.00,1.90,1.24,8.92,127.00,398.00,59.60,7.73,7.10,0.39,3.00,1.68,2.00,2.00,6.00,2.00,6.00,10.00,1.00,0.00,0.00,0.00,0.00,0.00,3.80,,
1770.00,0.71,0.15,298.00,Cu,C1=CC(=CC(=C1C2=NC(=NN2)N3C=NC(=N3)C4=CC=CC=C4)C(=O)O)C(=O)O,29.00,63.55,1085.00,2562.00,1.90,1.24,8.92,127.00,398.00,59.60,7.73,7.10,0.39,3.00,1.68,2.00,2.00,6.00,2.00,6.00,10.00,1.00,0.00,0.00,0.00,0.00,0.00,0.68,,
1156.00,0.64,1.00,298.00,Cu,1=CC=C(C=C1)C(=O)OC2=CC(=CC(=C2)C3=CC=C(C=C3)C(=O)OC4=CC=CC(=C4)C(=O)OC5=CC=CC(=C5)C(=O)O)C(=O)O,29.00,63.55,1085.00,2562.00,1.90,1.24,8.92,127.00,398.00,59.60,7.73,7.10,0.39,3.00,1.68,2.00,2.00,6.00,2.00,6.00,10.00,1.00,0.00,0.00,0.00,0.00,0.00,3.33,,
1156.00,0.64,0.15,300.00,Cu,1=CC=C(C=C1)C(=O)OC2=CC(=CC(=C2)C3=CC=C(C=C3)C(=O)OC4=CC=CC(=C4)C(=O)OC5=CC=CC(=C5)C(=O)O)C(=O)O,29.00,63.55,1085.00,2562.00,1.90,1.24,8.92,127.00,398.00,59.60,7.73,7.10,0.39,3.00,1.68,2.00,2.00,6.00,2.00,6.00,10.00,1.00,0.00,0.00,0.00,0.00,0.00,0.58,,
994.00,0.61,1.00,298.00,Zn,"OC(=O)C1=CC=CC=C1O,C1N2CC(C1)N3C2C3",30.00,65.38,419.50,907.00,1.65,0.00,7.14,134.00,116.00,16.90,9.39,9.20,0.39,2.50,5.90,2.00,2.00,6.00,2.00,6.00,10.00,2.00,0.00,0.00,0.00,0.00,0.00,3.11,,
991.00,0.54,1.00,298.00,Cu,C1=CC(=C(C=C1C(=O)O)C(=O)O)C(=O)OC2=CC(=CC(=C2C(=O)O)C(=O)O)C(=O)OC3=CC(=CC(=C3C(=O)O)C(=O)O)C(=O)O,29.00,63.55,1085.00,2562.00,1.90,1.24,8.92,127.00,398.00,59.60,7.73,7.10,0.39,3.00,1.68,2.00,2.00,6.00,2.00,6.00,10.00,1.00,0.00,0.00,0.00,0.00,0.00,2.88,,
660.00,0.37,1.00,298.00,Zn,C1=CC(=C(C=C1C(=O)O)C(=O)O)C(=O)OC2=CC(=CC(=C2C(=O)O)C(=O)O)C(=O)OC3=CC(=CC(=C3C(=O)O)C(=O)O)C(=O)O,30.00,65.38,419.50,907.00,1.65,0.00,7.14,134.00,116.00,16.90,9.39,9.20,0.39,2.50,5.90,2.00,2.00,6.00,2.00,6.00,10.00,2.00,0.00,0.00,0.00,0.00,0.00,2.37,,
553.00,0.28,1.00,298.00,Cu,OC(=O)C1=CC=CC=C1O,29.00,63.55,1085.00,2562.00,1.90,1.24,8.92,127.00,398.00,59.60,7.73,7.10,0.39,3.00,1.68,2.00,2.00,6.00,2.00,6.00,10.00,1.00,0.00,0.00,0.00,0.00,0.00,1.36,,
408.00,0.22,1.00,298.00,Zn,OC(=O)C1=CC=CC=C1C(=O)OC2=CC=CC=C2C(=O)O,30.00,65.38,419.50,907.00,1.65,0.00,7.14,134.00,116.00,16.90,9.39,9.20,0.39,2.50,5.90,2.00,2.00,6.00,2.00,6.00,10.00,2.00,0.00,0.00,0.00,0.00,0.00,1.75,,
408.00,0.22,0.15,295.00,Zn,C1=CC(=C(C(=C1)C(=O)O)C(=O)O)C(=O)O,30.00,65.38,419.50,907.00,1.65,0.00,7.14,134.00,116.00,16.90,9.39,9.20,0.39,2.50,5.90,2.00,2.00,6.00,2.00,6.00,10.00,2.00,0.00,0.00,0.00,0.00,0.00,0.31,,
414.00,0.23,1.00,298.00,Zn,C1=CC=CC=C1N2C=NN=C2N3C=CC=C3,30.00,65.38,419.50,907.00,1.65,0.00,7.14,134.00,116.00,16.90,9.39,9.20,0.39,2.50,5.90,2.00,2.00,6.00,2.00,6.00,10.00,2.00,0.00,0.00,0.00,0.00,0.00,1.55,,
397.00,0.21,1.00,298.00,Cu,OC(=O)C1=CC=CC=C1O,29.00,63.55,1085.00,2562.00,1.90,1.24,8.92,127.00,398.00,59.60,7.73,7.10,0.39,3.00,1.68,2.00,2.00,6.00,2.00,6.00,10.00,1.00,0.00,0.00,0.00,0.00,0.00,2.21,,
516.00,0.29,1.00,298.00,Yb,OC(=O)C1=CC=CC(=C1)C(=O)OC2=CC=CC(=C2)C(=O)O,70.00,173.05,819.00,1196.00,1.10,0.00,7.00,194.00,34.90,3.20,6.25,24.84,0.16,2.50,256.00,2.00,2.00,6.00,2.00,6.00,10.00,2.00,6.00,10.00,14.00,0.00,0.00,0.70,,
1040.00,0.45,1.00,298.00,Co,C1=NC2=C(N1)C(=NC=N2)N,27.00,58.93,1495.00,2927.00,1.88,0.66,8.86,125.00,100.00,17.20,7.88,6.70,0.42,5.00,6.24,2.00,2.00,6.00,2.00,6.00,7.00,2.00,0.00,0.00,0.00,0.00,0.00,1.28,,
2022.00,0.80,1.00,298.00,Zn,OC(=O)C1=CC=CC=C1C(=O)O,30.00,65.38,419.50,907.00,1.65,0.00,7.14,134.00,116.00,16.90,9.39,9.20,0.39,2.50,5.90,2.00,2.00,6.00,2.00,6.00,10.00,2.00,0.00,0.00,0.00,0.00,0.00,2.04,,
1038.00,0.93,1.00,298.00,Cu,OC(=O)C1=CC(=C(C(=C1C(=O)O)C(=O)O)C(=O)O)Nc2nc(nc(n2)Nc3nc(nc(n3)Nc4nc(nc(n4)C(=O)O)C(=O)O)C(=O)O)C(=O)O,29.00,63.55,1085.00,2562.00,1.90,1.24,8.92,127.00,398.00,59.60,7.73,7.10,0.39,3.00,1.68,2.00,2.00,6.00,2.00,6.00,10.00,1.00,0.00,0.00,0.00,0.00,0.00,5.09,,
580.00,0.26,1.00,273.00,In,OC(=O)C1=CC(=CC=C1C(=O)O)C(=O)O,49.00,114.82,156.60,2072.00,1.78,0.30,7.31,156.00,81.80,11.70,5.79,15.70,0.23,1.50,8.37,2.00,2.00,6.00,2.00,6.00,10.00,2.00,6.00,10.00,0.00,2.00,1.00,3.63,,
580.00,0.26,1.00,298.00,In,OC(=O)C1=CC(=CC=C1C(=O)O)C(=O)O,49.00,114.82,156.60,2072.00,1.78,0.30,7.31,156.00,81.80,11.70,5.79,15.70,0.23,1.50,8.37,2.00,2.00,6.00,2.00,6.00,10.00,2.00,6.00,10.00,0.00,2.00,1.00,2.43,,
3811.00,1.55,1.00,298.00,Cu,OC(=O)C1=CC=CC(=C1C(=O)O)N2C(=NC(=N2)N3C(=NC(=N3)Nc4nc(nc(n4)C(=O)O)C(=O)O)C(=O)O)C(=O)O,29.00,63.55,1085.00,2562.00,1.90,1.24,8.92,127.00,398.00,59.60,7.73,7.10,0.39,3.00,1.68,2.00,2.00,6.00,2.00,6.00,10.00,1.00,0.00,0.00,0.00,0.00,0.00,4.30,,
1918.00,1.18,1.00,298.00,Zn,OC(=O)C1=CC=CC(=C1)C(=O)OC2=CC=CC(=C2)C(=O)O,30.00,65.38,419.50,907.00,1.65,0.00,7.14,134.00,116.00,16.90,9.39,9.20,0.39,2.50,5.90,2.00,2.00,6.00,2.00,6.00,10.00,2.00,0.00,0.00,0.00,0.00,0.00,1.79,,
1870.00,1.67,1.00,298.00,Zn,OC(=O)C1=CC=C(C=C1)C(=O)O,30.00,65.38,419.50,907.00,1.65,0.00,7.14,134.00,116.00,16.90,9.39,9.20,0.39,2.50,5.90,2.00,2.00,6.00,2.00,6.00,10.00,2.00,0.00,0.00,0.00,0.00,0.00,1.87,,
2120.00,1.78,1.00,298.00,Ni,OC(=O)C1=CC=C(C=C1)C(=O)O,28.00,58.69,1455.00,2913.00,1.91,1.16,8.91,124.00,90.90,14.30,7.64,6.60,0.44,4.00,6.84,2.00,2.00,6.00,2.00,6.00,8.00,2.00,0.00,0.00,0.00,0.00,0.00,2.17,,
1616.00,1.67,1.00,298.00,Cu,OC(=O)C1=CC=C(C=C1)C(=O)O,29.00,63.55,1085.00,2562.00,1.90,1.24,8.92,127.00,398.00,59.60,7.73,7.10,0.39,3.00,1.68,2.00,2.00,6.00,2.00,6.00,10.00,1.00,0.00,0.00,0.00,0.00,0.00,1.45,,
2022.00,1.64,1.00,298.00,Co,OC(=O)C1=CC=C(C=C1)C(=O)O,27.00,58.93,1495.00,2927.00,1.88,0.66,8.86,125.00,100.00,17.20,7.88,6.70,0.42,5.00,6.24,2.00,2.00,6.00,2.00,6.00,7.00,2.00,0.00,0.00,0.00,0.00,0.00,1.02,,
2190.00,0.91,1.00,298.00,Yb,OC(=O)C1=CC=CC(=C1OC(=O)C2=CC=CC(=C2OC(=O)C3=CC=CC(=C3C#CC4=CC=C5C(=C4)C6=C(C=C(C=C6)Cl)O5)Cl)OCC#CC7=CC=C(C=C7)Cl)Cl,70.00,173.05,819.00,1196.00,1.10,0.00,7.00,194.00,34.90,3.20,6.25,24.84,0.16,2.50,256.00,2.00,2.00,6.00,2.00,6.00,10.00,2.00,6.00,10.00,14.00,0.00,0.00,1.84,,
1630.00,0.65,30.00,300.00,Cu,O=C(O)C1=CC=C(C=C1OC(=O)C2=CC=C(C=C2OC(=O)C3=CC(=C4C=CC(=C3)OCC(=O)C5=CC=CC=C5C4=C(C6=CC(=C(C=C6)Cl)OCCOC)Cl)OC)Cl)OCCOC,29.00,63.55,1085.00,2562.00,1.90,1.24,8.92,127.00,398.00,59.60,7.73,7.10,0.39,3.00,1.68,2.00,2.00,6.00,2.00,6.00,10.00,1.00,0.00,0.00,0.00,0.00,0.00,12.70,,
2500.00,1.02,30.00,298.00,Cu,O=C(O)C1=CC=C(C=C1OC(=O)C2=CC=C(C=C2OC(=O)C3=CC(=C4C=CC(=C3)OCC(=O)C5=CC=CC=C5C4=C(C6=CC(=C(C=C6)Cl)OCCOC)Cl)OC)Cl)OCCOC,29.00,63.55,1085.00,2562.00,1.90,1.24,8.92,127.00,398.00,59.60,7.73,7.10,0.39,3.00,1.68,2.00,2.00,6.00,2.00,6.00,10.00,1.00,0.00,0.00,0.00,0.00,0.00,22.50,,
2300.00,1.08,55.00,298.00,Cu,O=C(O)C1=CC=C(C=C1OC(=O)C2=CC=C(C=C2OC(=O)C3=CC(=C4C=CC(=C3)OCC(=O)C5=CC=CC=C5C4=C(C6=CC(=C(C=C6)Cl)OCCOC)Cl)OC)Cl)OCCOC,29.00,63.55,1085.00,2562.00,1.90,1.24,8.92,127.00,398.00,59.60,7.73,7.10,0.39,3.00,1.68,2.00,2.00,6.00,2.00,6.00,10.00,1.00,0.00,0.00,0.00,0.00,0.00,17.50,,
2300.00,1.08,1.00,298.00,Cu,O=C(O)C1=CC=C(C=C1OC(=O)C2=CC=C(C=C2OC(=O)C3=CC(=C4C=CC(=C3)OCC(=O)C5=CC=CC=C5C4=C(C6=CC(=C(C=C6)Cl)OCCOC)Cl)OC)Cl)OCCOC,29.00,63.55,1085.00,2562.00,1.90,1.24,8.92,127.00,398.00,59.60,7.73,7.10,0.39,3.00,1.68,2.00,2.00,6.00,2.00,6.00,10.00,1.00,0.00,0.00,0.00,0.00,0.00,3.60,,
2300.00,1.08,0.15,298.00,Cu,O=C(O)C1=CC=C(C=C1OC(=O)C2=CC=C(C=C2OC(=O)C3=CC(=C4C=CC(=C3)OCC(=O)C5=CC=CC=C5C4=C(C6=CC(=C(C=C6)Cl)OCCOC)Cl)OC)Cl)OCCOC,29.00,63.55,1085.00,2562.00,1.90,1.24,8.92,127.00,398.00,59.60,7.73,7.10,0.39,3.00,1.68,2.00,2.00,6.00,2.00,6.00,10.00,1.00,0.00,0.00,0.00,0.00,0.00,0.65,,
4932.00,2.09,1.00,298.00,Cu,OC(=O)C1=CC=CC(=C1OC(=O)C2=CC=CC(=C2OC(=O)C3=CC=CC(=C3C#CC4=CC=C5C(=C4)C6=C(C=C(C=C6)Cl)O5)Cl)OCC#CC7=CC=C(C=C7)Cl)Cl,29.00,63.55,1085.00,2562.00,1.90,1.24,8.92,127.00,398.00,59.60,7.73,7.10,0.39,3.00,1.68,2.00,2.00,6.00,2.00,6.00,10.00,1.00,0.00,0.00,0.00,0.00,0.00,1.09,,
710.50,0.41,1.00,298.00,Zn,CN1N=NN=C1,30.00,65.38,419.50,907.00,1.65,0.00,7.14,134.00,116.00,16.90,9.39,9.20,0.39,2.50,5.90,2.00,2.00,6.00,2.00,6.00,10.00,2.00,0.00,0.00,0.00,0.00,0.00,3.09,,
1599.00,0.66,1.00,298.00,Zn,C1=CC(=C(C=C1C(=O)O)C(=O)O)C2=CC=CC=C2,30.00,65.38,419.50,907.00,1.65,0.00,7.14,134.00,116.00,16.90,9.39,9.20,0.39,2.50,5.90,2.00,2.00,6.00,2.00,6.00,10.00,2.00,0.00,0.00,0.00,0.00,0.00,1.77,,
1599.00,0.66,30.00,273.00,Zn,C1=CC(=C(C=C1C(=O)O)C(=O)O)C2=CC=CC=C3,30.00,65.38,419.50,907.00,1.65,0.00,7.14,134.00,116.00,16.90,9.39,9.20,0.39,2.50,5.90,2.00,2.00,6.00,2.00,6.00,10.00,2.00,0.00,0.00,0.00,0.00,0.00,14.40,,
1599.00,0.66,30.00,298.00,Zn,C1=CC(=C(C=C1C(=O)O)C(=O)O)C2=CC=CC=C4,30.00,65.38,419.50,907.00,1.65,0.00,7.14,134.00,116.00,16.90,9.39,9.20,0.39,2.50,5.90,2.00,2.00,6.00,2.00,6.00,10.00,2.00,0.00,0.00,0.00,0.00,0.00,11.70,,
832.00,0.34,1.00,298.00,Zn,C1=CC(=C(C=C1C(=O)O)N+[O-])C(=O)C2=CC(=C(C=C2N+[O-])C(=O)O)N+[O-],30.00,65.38,419.50,907.00,1.65,0.00,7.14,134.00,116.00,16.90,9.39,9.20,0.39,2.50,5.90,2.00,2.00,6.00,2.00,6.00,10.00,2.00,0.00,0.00,0.00,0.00,0.00,0.86,,
832.00,0.34,1.00,273.00,Zn,C1=CC(=C(C=C1C(=O)O)N+[O-])C(=O)C2=CC(=C(C=C2N+[O-])C(=O)O)N+[O-],30.00,65.38,419.50,907.00,1.65,0.00,7.14,134.00,116.00,16.90,9.39,9.20,0.39,2.50,5.90,2.00,2.00,6.00,2.00,6.00,10.00,2.00,0.00,0.00,0.00,0.00,0.00,11.00,,
832.00,0.34,1.00,298.00,Zn,C1=CC(=C(C=C1C(=O)O)N+[O-])C(=O)C2=CC(=C(C=C2N+[O-])C(=O)O)N+[O-],30.00,65.38,419.50,907.00,1.65,0.00,7.14,134.00,116.00,16.90,9.39,9.20,0.39,2.50,5.90,2.00,2.00,6.00,2.00,6.00,10.00,2.00,0.00,0.00,0.00,0.00,0.00,7.20,,
3831.00,1.48,1.00,300.00,Cu,OC(=O)C1=CC(=CC(=C1)C#CC2=CC(=CC(=C2)C#CC3=CC(=CC(=C3)C(=O)O)C(=O)O)C(=O)O)C(=O)O,29.00,63.55,1085.00,2562.00,1.90,1.24,8.92,127.00,398.00,59.60,7.73,7.10,0.39,3.00,1.68,2.00,2.00,6.00,2.00,6.00,10.00,1.00,0.00,0.00,0.00,0.00,0.00,1.91,,
3831.00,1.48,40.00,300.00,Cu,OC(=O)C1=CC(=CC(=C1)C#CC2=CC(=CC(=C2)C#CC3=CC(=CC(=C3)C(=O)O)C(=O)O)C(=O)O)C(=O)O,29.00,63.55,1085.00,2562.00,1.90,1.24,8.92,127.00,398.00,59.60,7.73,7.10,0.39,3.00,1.68,2.00,2.00,6.00,2.00,6.00,10.00,1.00,0.00,0.00,0.00,0.00,0.00,11.14,,
2847.00,1.01,1.00,298.00,Cu,C1=CC(=CC(=C1C(=O)O)N=NN2C=NN=C2)C(=O)O,29.00,63.55,1085.00,2562.00,1.90,1.24,8.92,127.00,398.00,59.60,7.73,7.10,0.39,3.00,1.68,2.00,2.00,6.00,2.00,6.00,10.00,1.00,0.00,0.00,0.00,0.00,0.00,2.50,,
1773.00,0.81,1.00,298.00,Cu,OC(=O)C1=CC(=CC(=C1C(=O)O)OC2=CC(=CC(=C2)C(=O)O)C(=O)O)C(=O)O,29.00,63.55,1085.00,2562.00,1.90,1.24,8.92,127.00,398.00,59.60,7.73,7.10,0.39,3.00,1.68,2.00,2.00,6.00,2.00,6.00,10.00,1.00,0.00,0.00,0.00,0.00,0.00,5.45,,
2124.00,1.18,1.00,298.00,Cu,CC1=C(C(=C(C(=C1C(=O)O)C)C)C(=O)O)C(=O)OC2=CC(=C(C(=C2)C(=O)O)C)C,29.00,63.55,1085.00,2562.00,1.90,1.24,8.92,127.00,398.00,59.60,7.73,7.10,0.39,3.00,1.68,2.00,2.00,6.00,2.00,6.00,10.00,1.00,0.00,0.00,0.00,0.00,0.00,3.71,,
2823.00,1.07,1.00,298.00,Cu,OC(=O)C1=CC(=C(C=C1C(=O)O)C2=CC=CC=N2)C(=O)O,29.00,63.55,1085.00,2562.00,1.90,1.24,8.92,127.00,398.00,59.60,7.73,7.10,0.39,3.00,1.68,2.00,2.00,6.00,2.00,6.00,10.00,1.00,0.00,0.00,0.00,0.00,0.00,3.79,,
888.00,0.44,1.00,298.00,In,C1=CC(=C(C=C1C(=O)O)C(=O)O)C2=CC(=C(C=C2C(=O)O)C(=O)O)C(=O)O,49.00,114.82,156.60,2072.00,1.78,0.30,7.31,156.00,81.80,11.70,5.79,15.70,0.23,1.50,8.37,2.00,2.00,6.00,2.00,6.00,10.00,2.00,6.00,10.00,0.00,2.00,1.00,2.75,,
904.00,0.49,1.00,273.00,In,C1=CC=C(C=C1C(=O)O)C2=CC=CC=C2C(=O)O,49.00,114.82,156.60,2072.00,1.78,0.30,7.31,156.00,81.80,11.70,5.79,15.70,0.23,1.50,8.37,2.00,2.00,6.00,2.00,6.00,10.00,2.00,6.00,10.00,0.00,2.00,1.00,2.03,,
2640.00,1.37,1.00,298.00,Mg,CC(C1=C(C(=C(C(=C1C(=O)O)C)C)C(=O)O)C(=O)O)(C)C,12.00,24.31,650.00,1091.00,1.31,0.00,1.74,150.00,156.00,22.90,7.65,13.97,1.02,2.50,43.90,2.00,2.00,6.00,2.00,0.00,0.00,0.00,0.00,0.00,0.00,0.00,0.00,2.95,,
2720.00,1.44,1.00,298.00,Mg,NC1=C(C(=C(C(=C1C(=O)O)C)C(=O)O)C(=O)O)C(=O)O,12.00,24.31,650.00,1091.00,1.31,0.00,1.74,150.00,156.00,22.90,7.65,13.97,1.02,2.50,43.90,2.00,2.00,6.00,2.00,0.00,0.00,0.00,0.00,0.00,0.00,0.00,0.00,3.17,,
2170.00,0.95,1.00,298.00,Mg,CC(=O)OC(=O)NC1=C(C(=C(C(=C1C(=O)O)C)C(=O)O)C(=O)O)C(=O)O,12.00,24.31,650.00,1091.00,1.31,0.00,1.74,150.00,156.00,22.90,7.65,13.97,1.02,2.50,43.90,2.00,2.00,6.00,2.00,0.00,0.00,0.00,0.00,0.00,0.00,0.00,0.00,2.08,,
2310.00,1.14,1.00,298.00,Mg,NC(=O)NC1=C(C(=C(C(=C1C(=O)O)C)C(=O)O)C(=O)O)C(=O)O,12.00,24.31,650.00,1091.00,1.31,0.00,1.74,150.00,156.00,22.90,7.65,13.97,1.02,2.50,43.90,2.00,2.00,6.00,2.00,0.00,0.00,0.00,0.00,0.00,0.00,0.00,0.00,3.27,,
2220.00,0.89,1.00,298.00,Mg,CC(=O)OC(=O)NC(=O)C1=CC(=C(C(=C1C(=O)O)C)C(=O)O)C(=O)O,12.00,24.31,650.00,1091.00,1.31,0.00,1.74,150.00,156.00,22.90,7.65,13.97,1.02,2.50,43.90,2.00,2.00,6.00,2.00,0.00,0.00,0.00,0.00,0.00,0.00,0.00,0.00,1.91,,
2250.00,1.13,1.00,298.00,Mg,CC(=O)NC(=O)C1=CC(=C(C(=C1C(=O)O)C)C(=O)O)C(=O)O,12.00,24.31,650.00,1091.00,1.31,0.00,1.74,150.00,156.00,22.90,7.65,13.97,1.02,2.50,43.90,2.00,2.00,6.00,2.00,0.00,0.00,0.00,0.00,0.00,0.00,0.00,0.00,2.85,,
1500.00,0.58,25.00,298.00,Al,C1=CC(=CC=C1C(=O)O)C(=O)O,13.00,26.98,660.30,2519.00,1.61,0.43,2.70,143.00,237.00,37.80,5.99,10.00,0.90,2.50,2.82,2.00,2.00,6.00,2.00,1.00,0.00,0.00,0.00,0.00,0.00,0.00,0.00,6.80,,
1500.00,0.58,30.00,304.00,Al,C1=CC(=CC=C1C(=O)O)C(=O)O,13.00,26.98,660.30,2519.00,1.61,0.43,2.70,143.00,237.00,37.80,5.99,10.00,0.90,2.50,2.82,2.00,2.00,6.00,2.00,1.00,0.00,0.00,0.00,0.00,0.00,0.00,0.00,10.40,,
1500.00,0.58,1.00,318.00,Al,C1=CC(=CC=C1C(=O)O)C(=O)O,13.00,26.98,660.30,2519.00,1.61,0.43,2.70,143.00,237.00,37.80,5.99,10.00,0.90,2.50,2.82,2.00,2.00,6.00,2.00,1.00,0.00,0.00,0.00,0.00,0.00,0.00,0.00,1.00,,
410.00,0.20,10.00,273.00,Zr,C1=CC(=C(C(=C1P(=O)(O)O)P(=O)(O)O)P(=O)(O)O)N=NC2=CC(=C(C(=C2)P(=O)(O)O)P(=O)(O)O)P(=O)(O)O,40.00,91.22,1855.00,4409.00,1.33,0.43,6.52,155.00,22.70,2.40,6.63,14.00,0.28,5.00,40.00,2.00,2.00,6.00,2.00,6.00,10.00,2.00,6.00,2.00,0.00,0.00,0.00,3.39,,
410.00,0.20,10.00,298.00,Zr,C1=CC(=C(C(=C1P(=O)(O)O)P(=O)(O)O)P(=O)(O)O)N=NC2=CC(=C(C(=C2)P(=O)(O)O)P(=O)(O)O)P(=O)(O)O,40.00,91.22,1855.00,4409.00,1.33,0.43,6.52,155.00,22.70,2.40,6.63,14.00,0.28,5.00,40.00,2.00,2.00,6.00,2.00,6.00,10.00,2.00,6.00,2.00,0.00,0.00,0.00,3.08,,
1040.00,0.45,1.00,273.00,Co,C1=NC2=NC=NC(N)=C2N1,27.00,58.93,1495.00,2927.00,1.88,0.66,8.86,125.00,100.00,17.20,7.88,6.70,0.42,5.00,6.24,2.00,2.00,6.00,2.00,6.00,7.00,2.00,0.00,0.00,0.00,0.00,0.00,6.56,,
1040.00,0.45,1.00,298.00,Co,C1=NC2=NC=NC(N)=C2N2,27.00,58.93,1495.00,2927.00,1.88,0.66,8.86,125.00,100.00,17.20,7.88,6.70,0.42,5.00,6.24,2.00,2.00,6.00,2.00,6.00,7.00,2.00,0.00,0.00,0.00,0.00,0.00,4.06,,
1008.00,0.42,1.00,273.00,Co,C1=NC2=NC=NC(N)=C2N3,27.00,58.93,1495.00,2927.00,1.88,0.66,8.86,125.00,100.00,17.20,7.88,6.70,0.42,5.00,6.24,2.00,2.00,6.00,2.00,6.00,7.00,2.00,0.00,0.00,0.00,0.00,0.00,4.46,,
1008.00,0.42,1.00,298.00,Co,C1=NC2=NC=NC(N)=C2N4,27.00,58.93,1495.00,2927.00,1.88,0.66,8.86,125.00,100.00,17.20,7.88,6.70,0.42,5.00,6.24,2.00,2.00,6.00,2.00,6.00,7.00,2.00,0.00,0.00,0.00,0.00,0.00,3.17,,
412.00,0.20,1.00,273.00,Co,C1=NC2=NC=NC(N)=C2N5,27.00,58.93,1495.00,2927.00,1.88,0.66,8.86,125.00,100.00,17.20,7.88,6.70,0.42,5.00,6.24,2.00,2.00,6.00,2.00,6.00,7.00,2.00,0.00,0.00,0.00,0.00,0.00,2.68,,
412.00,0.20,1.00,298.00,Co,C1=NC2=NC=NC(N)=C2N6,27.00,58.93,1495.00,2927.00,1.88,0.66,8.86,125.00,100.00,17.20,7.88,6.70,0.42,5.00,6.24,2.00,2.00,6.00,2.00,6.00,7.00,2.00,0.00,0.00,0.00,0.00,0.00,2.01,,
17.00,0.04,1.00,273.00,Co,C1=NC2=NC=NC(N)=C2N7,27.00,58.93,1495.00,2927.00,1.88,0.66,8.86,125.00,100.00,17.20,7.88,6.70,0.42,5.00,6.24,2.00,2.00,6.00,2.00,6.00,7.00,2.00,0.00,0.00,0.00,0.00,0.00,2.01,,
17.00,0.04,1.00,298.00,Co,C1=NC2=NC=NC(N)=C2N8,27.00,58.93,1495.00,2927.00,1.88,0.66,8.86,125.00,100.00,17.20,7.88,6.70,0.42,5.00,6.24,2.00,2.00,6.00,2.00,6.00,7.00,2.00,0.00,0.00,0.00,0.00,0.00,1.38,,
920.00,0.50,0.90,273.00,Zn,CC(=O)NC1=CC=C(C=C1C(=O)O)C2=CC=C(C=C2)NC(=O)C,30.00,65.38,419.50,907.00,1.65,0.00,7.14,134.00,116.00,16.90,9.39,9.20,0.39,2.50,5.90,2.00,2.00,6.00,2.00,6.00,10.00,2.00,0.00,0.00,0.00,0.00,0.00,4.65,,
920.00,0.50,0.90,293.00,Zn,CC(=O)NC1=CC=C(C=C1C(=O)O)C2=CC=C(C=C2)NC(=O)C,30.00,65.38,419.50,907.00,1.65,0.00,7.14,134.00,116.00,16.90,9.39,9.20,0.39,2.50,5.90,2.00,2.00,6.00,2.00,6.00,10.00,2.00,0.00,0.00,0.00,0.00,0.00,2.91,,
920.00,0.50,0.90,313.00,Zn,CC(=O)NC1=CC=C(C=C1C(=O)O)C2=CC=C(C=C2)NC(=O)C,30.00,65.38,419.50,907.00,1.65,0.00,7.14,134.00,116.00,16.90,9.39,9.20,0.39,2.50,5.90,2.00,2.00,6.00,2.00,6.00,10.00,2.00,0.00,0.00,0.00,0.00,0.00,2.06,,
850.00,0.43,0.90,293.00,Zn,CCCCNC(=O)C1=CC=C(C=C1C(=O)O)C2=CC=C(C=C2)NC(=O)CCCC,30.00,65.38,419.50,907.00,1.65,0.00,7.14,134.00,116.00,16.90,9.39,9.20,0.39,2.50,5.90,2.00,2.00,6.00,2.00,6.00,10.00,2.00,0.00,0.00,0.00,0.00,0.00,1.73,,
1854.00,0.84,1.00,298.00,Cu,C(C(C(C(=O)O)C(=O)O)C(=O)O)C(=O)O,29.00,63.55,1085.00,2562.00,1.90,1.24,8.92,127.00,398.00,59.60,7.73,7.10,0.39,3.00,1.68,2.00,2.00,6.00,2.00,6.00,10.00,1.00,0.00,0.00,0.00,0.00,0.00,4.69,,
1776.00,0.78,1.00,196.00,Zn,CS(=O)(=O)CC1=CC=C(C=C1C(=O)O)C2=CC=C(C=C2)C(=O)O,30.00,65.38,419.50,907.00,1.65,0.00,7.14,134.00,116.00,16.90,9.39,9.20,0.39,2.50,5.90,2.00,2.00,6.00,2.00,6.00,10.00,2.00,0.00,0.00,0.00,0.00,0.00,18.50,,
1776.00,0.78,1.00,298.00,Zn,CS(=O)(=O)CC1=CC=C(C=C1C(=O)O)C2=CC=C(C=C2)C(=O)O,30.00,65.38,419.50,907.00,1.65,0.00,7.14,134.00,116.00,16.90,9.39,9.20,0.39,2.50,5.90,2.00,2.00,6.00,2.00,6.00,10.00,2.00,0.00,0.00,0.00,0.00,0.00,1.40,,
1776.00,0.78,10.00,298.00,Zn,CS(=O)(=O)CC1=CC=C(C=C1C(=O)O)C2=CC=C(C=C2)C(=O)O,30.00,65.38,419.50,907.00,1.65,0.00,7.14,134.00,116.00,16.90,9.39,9.20,0.39,2.50,5.90,2.00,2.00,6.00,2.00,6.00,10.00,2.00,0.00,0.00,0.00,0.00,0.00,6.50,,
1514.00,0.65,1.00,196.00,Zn,CCCS(=O)(=O)CC1=CC=C(C=C1C(=O)O)C2=CC=C(C=C2)C(=O)O,30.00,65.38,419.50,907.00,1.65,0.00,7.14,134.00,116.00,16.90,9.39,9.20,0.39,2.50,5.90,2.00,2.00,6.00,2.00,6.00,10.00,2.00,0.00,0.00,0.00,0.00,0.00,15.50,,
1514.00,0.65,1.00,298.00,Zn,CCCS(=O)(=O)CC1=CC=C(C=C1C(=O)O)C2=CC=C(C=C2)C(=O)O,30.00,65.38,419.50,907.00,1.65,0.00,7.14,134.00,116.00,16.90,9.39,9.20,0.39,2.50,5.90,2.00,2.00,6.00,2.00,6.00,10.00,2.00,0.00,0.00,0.00,0.00,0.00,0.98,,
1514.00,0.65,10.00,298.00,Zn,CCCS(=O)(=O)CC1=CC=C(C=C1C(=O)O)C2=CC=C(C=C2)C(=O)O,30.00,65.38,419.50,907.00,1.65,0.00,7.14,134.00,116.00,16.90,9.39,9.20,0.39,2.50,5.90,2.00,2.00,6.00,2.00,6.00,10.00,2.00,0.00,0.00,0.00,0.00,0.00,6.00,,
396.40,0.16,0.15,293.00,Zr,C1=CC(=CC=C1C(=O)O)C(=O)O,40.00,91.22,1855.00,4409.00,1.33,0.43,6.52,155.00,22.70,2.40,6.63,14.00,0.28,5.00,40.00,2.00,2.00,6.00,2.00,6.00,10.00,2.00,6.00,2.00,0.00,0.00,0.00,0.16,,
269.30,0.14,0.15,293.00,Zr,C1=CC(=CC=C1C(=O)N)C(=O)O,40.00,91.22,1855.00,4409.00,1.33,0.43,6.52,155.00,22.70,2.40,6.63,14.00,0.28,5.00,40.00,2.00,2.00,6.00,2.00,6.00,10.00,2.00,6.00,2.00,0.00,0.00,0.00,0.28,,
350.30,0.16,0.15,293.00,Zr,C1=CC(=CC=C1C(=O)O)C(=O)F,40.00,91.22,1855.00,4409.00,1.33,0.43,6.52,155.00,22.70,2.40,6.63,14.00,0.28,5.00,40.00,2.00,2.00,6.00,2.00,6.00,10.00,2.00,6.00,2.00,0.00,0.00,0.00,0.10,,
429.10,0.19,0.15,293.00,Zr,C1=CC2=C(C=C1C(=O)O)C(=O)C=CC2=O,40.00,91.22,1855.00,4409.00,1.33,0.43,6.52,155.00,22.70,2.40,6.63,14.00,0.28,5.00,40.00,2.00,2.00,6.00,2.00,6.00,10.00,2.00,6.00,2.00,0.00,0.00,0.00,0.17,,
660.80,0.27,0.15,293.00,Zr,C1=CC=C(C=C1C(=O)O)C2=CC=CC=C2C(=O)O,40.00,91.22,1855.00,4409.00,1.33,0.43,6.52,155.00,22.70,2.40,6.63,14.00,0.28,5.00,40.00,2.00,2.00,6.00,2.00,6.00,10.00,2.00,6.00,2.00,0.00,0.00,0.00,0.18,,
574.40,0.26,0.15,293.00,Zr,CC1=CC=C(C=C1C(=O)O)C2=CC=C(C=C2)C(=O)O,40.00,91.22,1855.00,4409.00,1.33,0.43,6.52,155.00,22.70,2.40,6.63,14.00,0.28,5.00,40.00,2.00,2.00,6.00,2.00,6.00,10.00,2.00,6.00,2.00,0.00,0.00,0.00,0.21,,
830.60,0.37,0.15,293.00,Zr,C1=CC(=CC=C1C(=O)N=N)C(=O)C2=CC=C(C=C2)Cl,40.00,91.22,1855.00,4409.00,1.33,0.43,6.52,155.00,22.70,2.40,6.63,14.00,0.28,5.00,40.00,2.00,2.00,6.00,2.00,6.00,10.00,2.00,6.00,2.00,0.00,0.00,0.00,0.10,,
147.00,0.10,1.00,298.00,Cu,FC(F)(F)C(C1=CC(=CC=C1)C(=O)O)C2=CC(=CC=C2)C(=O)O,29.00,63.55,1085.00,2562.00,1.90,1.24,8.92,127.00,398.00,59.60,7.73,7.10,0.39,3.00,1.68,2.00,2.00,6.00,2.00,6.00,10.00,1.00,0.00,0.00,0.00,0.00,0.00,2.11,,
2850.00,1.00,1.00,273.00,Cu,C1=CC=C(C(=C1)C(=O)O)C2=NN=CC(=C2)C(=O)O,29.00,63.55,1085.00,2562.00,1.90,1.24,8.92,127.00,398.00,59.60,7.73,7.10,0.39,3.00,1.68,2.00,2.00,6.00,2.00,6.00,10.00,1.00,0.00,0.00,0.00,0.00,0.00,8.75,,
2850.00,1.00,0.15,273.00,Cu,C1=CC=C(C(=C1)C(=O)O)C2=NN=CC(=C2)C(=O)O,29.00,63.55,1085.00,2562.00,1.90,1.24,8.92,127.00,398.00,59.60,7.73,7.10,0.39,3.00,1.68,2.00,2.00,6.00,2.00,6.00,10.00,1.00,0.00,0.00,0.00,0.00,0.00,1.83,,
704.00,0.28,1.00,298.00,Zn,C1=CC(=CC=C1C2=CC(=C(C=C2)N(C3=CC=C(C=C3)C(=O)O)C(=O)O)C(=O)O)N(C4=CC=C(C=C4)C(=O)O)C(=O)O,30.00,65.38,419.50,907.00,1.65,0.00,7.14,134.00,116.00,16.90,9.39,9.20,0.39,2.50,5.90,2.00,2.00,6.00,2.00,6.00,10.00,2.00,0.00,0.00,0.00,0.00,0.00,1.16,,
704.00,0.28,0.15,298.00,Zn,C1=CC(=CC=C1C2=CC(=C(C=C2)N(C3=CC=C(C=C3)C(=O)O)C(=O)O)C(=O)O)N(C4=CC=C(C=C4)C(=O)O)C(=O)O,30.00,65.38,419.50,907.00,1.65,0.00,7.14,134.00,116.00,16.90,9.39,9.20,0.39,2.50,5.90,2.00,2.00,6.00,2.00,6.00,10.00,2.00,0.00,0.00,0.00,0.00,0.00,0.21,,
,,,,,,,,,,,,,,,,,,,,,,,,,,,,,,,,,,,
,,,,,,,,,,,,,,,,,,,,,,,,,,,,,,,,,,,
,,,,,,,,,,,,,,,,,,,,,,,,,,,,,,,,,,,
,,,,,,,,,,,,,,,,,,,,,,,,,,,,,,,,,,,
,,,,,,,,,,,,,,,,,,,,,,,,,,,,,,,,,,,
,,,,,,,,,,,,,,,,,,,,,,,,,,,,,,,,,,,
,,,,,,,,,,,,,,,,,,,,,,,,,,,,,,,,,,,
,,,,,,,,,,,,,,,,,,,,,,,,,,,,,,,,,,,
,,,,,,,,,,,,,,,,,,,,,,,,,,,,,,,,,,,
,,,,,,,,,,,,,,,,,,,,,,,,,,,,,,,,,,,
,,,,,,,,,,,,,,,,,,,,,,,,,,,,,,,,,,,
,,,,,,,,,,,,,,,,,,,,,,,,,,,,,,,,,,,
,,,,,,,,,,,,,,,,,,,,,,,,,,,,,,,,,,,
,,,,,,,,,,,,,,,,,,,,,,,,,,,,,,,,,,,
,,,,,,,,,,,,,,,,,,,,,,,,,,,,,,,,,,,
,,,,,,,,,,,,,,,,,,,,,,,,,,,,,,,,,,,
,,,,,,,,,,,,,,,,,,,,,,,,,,,,,,,,,,,
,,,,,,,,,,,,,,,,,,,,,,,,,,,,,,,,,,,
,,,,,,,,,,,,,,,,,,,,,,,,,,,,,,,,,,,
,,,,,,,,,,,,,,,,,,,,,,,,,,,,,,,,,,,
,,,,,,,,,,,,,,,,,,,,,,,,,,,,,,,,,,,
,,,,,,,,,,,,,,,,,,,,,,,,,,,,,,,,,,,
,,,,,,,,,,,,,,,,,,,,,,,,,,,,,,,,,,,
,,,,,,,,,,,,,,,,,,,,,,,,,,,,,,,,,,,
,,,,,,,,,,,,,,,,,,,,,,,,,,,,,,,,,,,
,,,,,,,,,,,,,,,,,,,,,,,,,,,,,,,,,,,
,,,,,,,,,,,,,,,,,,,,,,,,,,,,,,,,,,,
,,,,,,,,,,,,,,,,,,,,,,,,,,,,,,,,,,,
,,,,,,,,,,,,,,,,,,,,,,,,,,,,,,,,,,,
,,,,,,,,,,,,,,,,,,,,,,,,,,,,,,,,,,,
